no_ruas,nama_ruas_raw,kecamatan_dilalui,panjang_ruas_km,lebar_ruas_m,perkerasan_hotmix_km,perkerasan_lapen_makadam_km,perkerasan_beton_km,perkerasan_telford_kerikil_km,perkerasan_tanah_belum_tembus_km,kondisi_baik_km,kondisi_baik_pct,kondisi_sedang_km,kondisi_sedang_pct,kondisi_rusak_ringan_km,kondisi_rusak_ringan_pct,kondisi_rusak_berat_km,kondisi_rusak_berat_pct,non_mantap_pct,lhr,akses_npk,keterangan_tahun
001,Jl. Pangeran Antasari - Loklua,Kandangan,0.56,12,0.5600000023841858,0,0,0,0,0,0.0,0.36000001430511475,64.285717,0.20000000298023224,35.714286,0,0.0,35.714286,0,0,2025
002,Jl. Soeprapto - Jl. H.M Rusli,Kandangan,0.52,6,0.5199999809265137,0,0,0,0,0,0.0,0.5199999809265137,99.999996,0,0.0,0,0.0,0.0,0,0,2025
003,Jl. Pasar Kandangan - Oprit Jembt. Loklua,Kandangan,0.28,6,0,0,0.2800000011920929,0,0,0.2800000011920929,100.0,0,0.0,0,0.0,0,0.0,0.0,0,0,2025
004,Jl. Soetoyo - Teluk Mesjid,Kandangan,0.26,5,0.25999999046325684,0,0,0,0,0.25999999046325684,99.999996,0,0.0,0,0.0,0,0.0,0.0,0,0,2025
005,Jl. Teluk Mesjid - Sp. 4 Muara Banta,Kandangan,1.43,5,1.4299999475479126,0,0,0,0,0,0.0,1.2300000190734863,86.013987,0.20000000298023224,13.986014,0,0.0,13.986014,0,0,2025
006,Jl. Merah Johansyah - Jl. Melati,Kandangan,0.82,6,0.8199999928474426,0,0,0,0,0.8199999928474426,99.999999,0,0.0,0,0.0,0,0.0,0.0,0,0,2025
007,Jl. Menuju Stadion 2 Desember,Kandangan,0.29,12,0.28999999165534973,0,0,0,0,0,0.0,0.28999999165534973,99.999997,0,0.0,0,0.0,0.0,0,0,2025
008,Jl. Aluh Idut,Kandangan,1.34,5,1.340000033378601,0,0,0,0,0.5,37.313433,0.8399999737739563,62.686565,0,0.0,0,0.0,0.0,0,0,2025
009,Jl. Panglima Batur,Kandangan,1.09,5,1.090000033378601,0,0,0,0,0.800000011920929,73.394497,0.28999999165534973,26.605504,0,0.0,0,0.0,0.0,0,0,2025
010,Jl. Nusa Indah,Kandangan,0.38,5,0.3799999952316284,0,0,0,0,0.20000000298023224,52.63158,0.18000000715255737,47.368423,0,0.0,0,0.0,0.0,0,0,2025
011,Jl. Anggrek,Kandangan,0.23,3,0.23000000417232513,0,0,0,0,0.23000000417232513,100.000002,0,0.0,0,0.0,0,0.0,0.0,0,0,2025
012,Jl. Kenanga,Kandangan,0.23,3,0.23000000417232513,0,0,0,0,0.23000000417232513,100.000002,0,0.0,0,0.0,0,0.0,0.0,0,0,2025
013,Jl. Mawar,Kandangan,0.23,7,0.23000000417232513,0,0,0,0,0,0.0,0.23000000417232513,100.000002,0,0.0,0,0.0,0.0,0,0,2025
014,Jl. Kamboja,Kandangan,0.21,4,0.20999999344348907,0,0,0,0,0,0.0,0.20999999344348907,99.999997,0,0.0,0,0.0,0.0,0,0,2025
015,Jl. Dahlia,Kandangan,0.18,3,0.18000000715255737,0,0,0,0,0,0.0,0,0.0,0.10000000149011612,55.555556,0.07999999821186066,44.444443,100.0,0,0,2025
016,Jl. KS. Tubun,Kandangan,0.96,3,0.9599999785423279,0,0,0,0,0.1599999964237213,16.666666,0.30000001192092896,31.250001,0.5,52.083333,0,0.0,52.083333,0,0,2025
017,Jl. Pemuda,Kandangan,0.26,6,0.25999999046325684,0,0,0,0,0.25999999046325684,99.999996,0,0.0,0,0.0,0,0.0,0.0,0,0,2025
018,Jl. Parindra,Kandangan,0.28,6,0.2800000011920929,0,0,0,0,0.18000000715255737,64.285717,0.10000000149011612,35.714286,0,0.0,0,0.0,0.0,0,0,2025
019,Jl. Wahab Syahrani,Kandangan,0.12,6,0.11999999731779099,0,0,0,0,0,0.0,0.11999999731779099,99.999998,0,0.0,0,0.0,0.0,0,0,2025
020,Jl. Musyawarah,Kandangan,0.32,6,0.3199999928474426,0,0,0,0,0.10000000149011612,31.25,0.2199999988079071,68.75,0,0.0,0,0.0,0.0,0,0,2025
021,Jl. Sekolah Islam,Kandangan,0.2,6,0.20000000298023224,0,0,0,0,0.20000000298023224,100.000001,0,0.0,0,0.0,0,0.0,0.0,0,0,2025
022,Jl. Rahmah Bahran,Kandangan,0.22,4,0.2199999988079071,0,0,0,0,0,0.0,0.2199999988079071,99.999999,0,0.0,0,0.0,0.0,0,0,2025
023,Jl. Brigjen Katamso,Kandangan,0.35,3.5,0.3499999940395355,0,0,0,0,0,0.0,0.3499999940395355,99.999998,0,0.0,0,0.0,0.0,0,0,2025
024,Jl. Kolonel Sugiono,Kandangan,0.22,3,0.2199999988079071,0,0,0,0,0.2199999988079071,99.999999,0,0.0,0,0.0,0,0.0,0.0,0,0,2025
025,Singakarsa - Palas,Kandangan,5.32,4,5.320000171661377,0,0,0,0,1.100000023841858,20.676692,1.7000000476837158,31.954888,1.3200000524520874,24.812031,1.2000000476837158,22.556392,47.368423,0,0,2025
026,Singakarsa - Getek,Kandangan,0.2,4,0.20000000298023224,0,0,0,0,0,0.0,0.20000000298023224,100.000001,0,0.0,0,0.0,0.0,0,0,2025
027,Parincahan - Singakarsa (Jl. Harapan),Kandangan,0.66,3.5,0.6600000262260437,0,0,0,0,0,0.0,0.6600000262260437,100.000004,0,0.0,0,0.0,0.0,0,0,2025
028,Budi Bakti - Tiga Desember,Kandangan,0.81,5,0.8100000023841858,0,0,0,0,0,0.0,0.8100000023841858,100.0,0,0.0,0,0.0,0.0,0,0,2025
029,Jl. Jafri Zamzam,Kandangan,1.07,3.0299999713897705,1.0700000524520874,0,0,0,0,0,0.0,0.6700000166893005,62.616824,0.20000000298023224,18.691589,0.20000000298023224,18.691589,37.383178,0,0,2025
030,Sungai Damang - Amawang Kiri,Kandangan,2.51,3.5,2.509999990463257,0,0,0,0,0.6000000238418579,23.904383,1.7100000381469727,68.127492,0.20000000298023224,7.968128,0,0.0,7.968128,0,0,2025
031,Amawang Muka - Getek,Kandangan,5.41,3.5,5.409999847412109,0,0,0,0,4.5,83.179298,0.4099999964237213,7.578558,0.5,9.242144,0,0.0,9.242144,0,0,2025
032,Amawang Kanan - Wasah Hulu,Kandangan,3.17,3.5,3.1700000762939453,0,0,0,0,0,0.0,2.4700000286102295,77.917982,0.699999988079071,22.082019,0,0.0,22.082019,0,0,2025
033,Jl. DI. Panjaitan - Loklua,Kandangan,0.41,4.5,0.4099999964237213,0,0,0,0,0,0.0,0.4099999964237213,99.999999,0,0.0,0,0.0,0.0,0,0,2025
034,Jl. Jend. Sudirman,Kandangan,2.44,8,2.440000057220459,0,0,0,0,0,0.0,2.440000057220459,100.000002,0,0.0,0,0.0,0.0,0,0,2025
035,Jl. AES Nasution,Kandangan,0.24,3.5,0.23999999463558197,0,0,0,0,0.23999999463558197,99.999998,0,0.0,0,0.0,0,0.0,0.0,0,0,2025
036,Tembok Lama - Loklua,Kandangan,0.84,3,0.8399999737739563,0,0,0,0,0,0.0,0.4399999976158142,52.380952,0.30000001192092896,35.714287,0.10000000149011612,11.904762,47.619049,0,0,2025
037,Jl. Kesehatan - Komp. Rmh Dokter,Kandangan,0.28,3.5,0.2800000011920929,0,0,0,0,0.2800000011920929,100.0,0,0.0,0,0.0,0,0.0,0.0,0,0,2025
038,Jl. Samping Bappeda - Mesjid Darul Halik,Kandangan,0.19,3.5,0.1899999976158142,0,0,0,0,0,0.0,0,0.0,0.1899999976158142,99.999999,0,0.0,99.999999,0,0,2025
039,Jl.  Bina Bakat,Kandangan,0.24,3,0.23999999463558197,0,0,0,0,0.23999999463558197,99.999998,0,0.0,0,0.0,0,0.0,0.0,0,0,2025
040,Baluti - Jambu Hulu (Paku),Kandangan - Padang Batung,4.07,3.5,4.070000171661377,0,0,0,0,0.5,12.285012,1.7999999523162842,44.226043,1.2699999809265137,31.203931,0.5,12.285012,43.488943,0,0,2025
041,Sp. 3 Baluti - Amawang,Kandangan,1.57,3,1.5700000524520874,0,0,0,0,0.4000000059604645,25.477707,1.0700000524520874,68.15287,0.10000000149011612,6.369427,0,0.0,6.369427,0,0,2025
042,Sei Kupang Utara - Simp. Empat Lungau,Kandangan,2.36,3.5,2.299999952316284,0,0.05999999865889549,0,0,1.5,63.559322,0.8600000143051147,36.440679,0,0.0,0,0.0,0.0,0,0,2025
043,Sp. Empat Lungau - Bangkau,Kandangan,8.1,3,2.200000047683716,0,0,0,5.900000095367432,0,0.0,2.200000047683716,27.160494,0,0.0,5.900000095367432,72.839507,72.839507,0,0,2025
044,Sp. Empat Lungau - Garis,Kandangan,8.19,3,1.600000023841858,0,0,1.399999976158142,5.190000057220459,0,0.0,1.600000023841858,19.53602,0,0.0,6.590000152587891,80.463982,80.463982,0,0,2025
045,Gambir - Sp. Empat Lungau,Kandangan,2.95,3,1.5,0,0,0.699999988079071,0.75,0,0.0,1.5,50.847458,0,0.0,1.4500000476837158,49.152544,49.152544,0,0,2025
046,Bariang - Getek,Kandangan,1.24,3,1.2400000095367432,0,0,0,0,0,0.0,0.4000000059604645,32.258065,0.8399999737739563,67.741933,0,0.0,67.741933,0,0,2025
047,Muara Banta - Karang Jawa,Kandangan - Padang Batung,1.59,3,1.590000033378601,0,0,0,0,0,0.0,1.590000033378601,100.000002,0,0.0,0,0.0,0.0,0,0,2025
048,Sungai Paring - Sei Hanyar Pantai Ulin,Kandangan - Simpur,5.85,3,5.050000190734863,0,0,0.800000011920929,0,0,0.0,1.399999976158142,23.931624,2.299999952316284,39.316239,2.150000035762787,36.752137,76.068376,0,0,2025
049,Kandangan Hulu - Sp. Tabihi,Kandangan - Padang Batung,1.25,3.5,1.25,0,0,0,0,0.3499999940395355,28.0,0.8999999761581421,71.999998,0,0.0,0,0.0,0.0,0,0,2025
050,Banyu Barau - Sei Kalang,Kandangan,2.1,3,2.0999999046325684,0,0,0,0,0.8999999761581421,42.857142,1.2000000476837158,57.142859,0,0.0,0,0.0,0.0,0,0,2025
051,Tibung Raya - Asam Cangkuk,Kandangan,0.86,3,0.8600000143051147,0,0,0,0,0.8600000143051147,100.000002,0,0.0,0,0.0,0,0.0,0.0,0,0,2025
052,Gambah Dalam - Rantauan,Kandangan,1.52,3,1.5199999809265137,0,0,0,0,0,0.0,1.0199999809265137,67.105262,0.5,32.894737,0,0.0,32.894737,0,0,2025
053,Gambah Luar - Gambah Dalam,Kandangan,1.29,3,1.2899999618530273,0,0,0,0,0,0.0,0.9900000095367432,76.744187,0.30000001192092896,23.255815,0,0.0,23.255815,0,0,2025
054,Pegangsaan Timur - Teluk Aman,Kandangan,1.05,3,1.0499999523162842,0,0,0,0,0,0.0,0.75,71.428571,0.30000001192092896,28.57143,0,0.0,28.57143,0,0,2025
055,Gambah Luar - Sungai Kudung,Kandangan,0.89,3.5,0.8899999856948853,0,0,0,0,0,0.0,0.38999998569488525,43.820223,0.4000000059604645,44.943821,0.10000000149011612,11.235955,56.179776,0,0,2025
056,Bakarung Tengah - Karang Jawa,Kandangan - Padang Batung,3.77,3.5,3.7699999809265137,0,0,0,0,0,0.0,3.069999933242798,81.432359,0.699999988079071,18.567639,0,0.0,18.567639,0,0,2025
057,Jl. Papagaran/Palangsatan,Kandangan - Simpur,1,3,1,0,0,0,0,0,0.0,0.30000001192092896,30.000001,0.699999988079071,69.999999,0,0.0,69.999999,0,0,2025
058,Jl. Tembok Kacil. Sei. Kudung,Kandangan - Padang Batung,0.37,3,0.3700000047683716,0,0,0,0,0,0.0,0.30000001192092896,81.081084,0.07000000029802322,18.918919,0,0.0,18.918919,0,0,2025
059,Jl. Mesjid Quba,Kandangan,0.21,3.5,0.20999999344348907,0,0,0,0,0,0.0,0.20999999344348907,99.999997,0,0.0,0,0.0,0.0,0,0,2025
060,Jl. Sungai Karuh ,Kandangan,1.96,3,1.9600000381469727,0,0,0,0,0,0.0,1.9600000381469727,100.000002,0,0.0,0,0.0,0.0,0,0,2025
061,Rambai - Bariang,Kandangan,1.21,3,1.2100000381469727,0,0,0,0,0,0.0,0.6000000238418579,49.586779,0.20000000298023224,16.528926,0.4099999964237213,33.884297,50.413223,0,0,2025
062,Jangkang - Pantai Ulin,Kandangan,1.69,3,1.100000023841858,0,0,0.5899999737739563,0,1,59.171598,0,0.0,0.10000000149011612,5.91716,0.5899999737739563,34.911241,40.828401,0,0,2025
063,Jl. Padang Palas,Kandangan,0.68,3,0.6800000071525574,0,0,0,0,0,0.0,0.47999998927116394,70.588234,0.20000000298023224,29.411765,0,0.0,29.411765,0,0,2025
064,Tibung Dalam - Teratai,Kandangan - Sungai Raya,0.52,3,0.5199999809265137,0,0,0,0,0,0.0,0.41999998688697815,80.769228,0.10000000149011612,19.23077,0,0.0,19.23077,0,0,2025
065,Jl. Kalaka Indah - Perumnas Tibung,Kandangan,0.41,3.5,0.4099999964237213,0,0,0,0,0,0.0,0.4099999964237213,99.999999,0,0.0,0,0.0,0.0,0,0,2025
066,Jl. Teratai Menuju Komplek Perumnas Hamalau,Kandangan - Sungai Raya,0.41,3,0.4099999964237213,0,0,0,0,0.10000000149011612,24.390244,0.3100000023841858,75.609757,0,0.0,0,0.0,0.0,0,0,2025
067,Teluk Pinang - Baluti,Kandangan,1.64,3.5,1.6399999856948853,0,0,0,0,0,0.0,1.6399999856948853,99.999999,0,0.0,0,0.0,0.0,0,0,2025
068,Tibung Raya - Hamalau Dalam,Kandangan,0.91,3.5,0.9100000262260437,0,0,0,0,0.20000000298023224,21.978022,0.6000000238418579,65.934069,0.10999999940395355,12.087912,0,0.0,12.087912,0,0,2025
069,Jl. Baiturrahim Parincahan,Kandangan,1.42,3,1.2000000476837158,0,0,0.2199999988079071,0,0,0.0,0.30000001192092896,21.126761,0.30000001192092896,21.126761,0.820000022649765,57.74648,78.873242,0,0,2025
070,Jl. Newangsekarti - Ds. Gambah Luar Muka,Kandangan,0.29,3,0.28999999165534973,0,0,0,0,0.28999999165534973,99.999997,0,0.0,0,0.0,0,0.0,0.0,0,0,2025
071,Jl. Tembok Baru (Asam Cangkok),Kandangan,0.5,3,0.5,0,0,0,0,0,0.0,0.4000000059604645,80.000001,0.10000000149011612,20.0,0,0.0,20.0,0,0,2025
072,Sungai Paring - Toba,Kandangan - Simpur,0.84,3,0.8399999737739563,0,0,0,0,0,0.0,0.30000001192092896,35.714287,0.5400000214576721,64.285717,0,0.0,64.285717,0,0,2025
073,Jl. Tembok Baru - Ds. Baluti,Kandangan,0.14,3,0.14000000059604645,0,0,0,0,0,0.0,0.03999999910593033,28.571428,0.10000000149011612,71.428572,0,0.0,71.428572,0,0,2025
074,Jl. H. Jarkasi - Ds. Sungai Paring,Kandangan,0.12,3,0.11999999731779099,0,0,0,0,0,0.0,0.10000000149011612,83.333335,0.019999999552965164,16.666666,0,0.0,16.666666,0,0,2025
075,Bariang - Patigan,Kandangan,1.63,3,1.6299999952316284,0,0,0,0,0.6000000238418579,36.809817,1.0299999713897705,63.190182,0,0.0,0,0.0,0.0,0,0,2025
076,Gambah Dalam Barat - Mahulung,Kandangan - Angkinang,1.92,3,1.9199999570846558,0,0,0,0,0.11999999731779099,6.25,1.7999999523162842,93.749998,0,0.0,0,0.0,0.0,0,0,2025
077,Jl. Suriangpati - Gambah Dalam Barat,Kandangan,2.82,3,0.800000011920929,0,0,2.0199999809265137,0,0.10000000149011612,3.546099,0.10000000149011612,3.546099,0.5,17.730496,2.11999998241663,75.177304,92.907801,0,0,2025
078,Jl. Menuju SMP 7 - Ds. Gambah Dalam,Kandangan,1,3,1,0,0,0,0,0,0.0,0.4000000059604645,40.000001,0.6000000238418579,60.000002,0,0.0,60.000002,0,0,2025
079,Telaga Banta - Patigan,Kandangan,0.64,3,0.6399999856948853,0,0,0,0,0.6399999856948853,99.999998,0,0.0,0,0.0,0,0.0,0.0,0,0,2025
080,Jl. Nomura ,Kandangan,0.41,3,0.4099999964237213,0,0,0,0,0,0.0,0.4099999964237213,99.999999,0,0.0,0,0.0,0.0,0,0,2025
081,Jl. Lorong Bupati,Kandangan,0.39,3,0.38999998569488525,0,0,0,0,0.10000000149011612,25.641026,0.28999999165534973,74.358972,0,0.0,0,0.0,0.0,0,0,2025
082,Jl. Biti - Sungai Kupang (Karya Bakti TNI) ,Kandangan,1.82,3,1.8200000524520874,0,0,0,0,0.5,27.472527,0.30000001192092896,16.483517,0.6200000047683716,34.065934,0.4000000059604645,21.978022,56.043957,0,0,2025
083,Jl. Palajau - Ds. Baluti,Kandangan,1.28,3,0,0,0.8799999952316284,0.4000000059604645,0,0.4000000059604645,31.25,0,0.0,0,0.0,0.8799999952316284,68.75,68.75,0,0,2025
084,Jl. RS. Hasan Basry II,Sungai Raya ,0.1,10,0.10000000149011612,0,0,0,0,0,0.0,0.10000000149011612,100.000001,0,0.0,0,0.0,0.0,0,0,2025
085,Tajun - Sp.3 Muara Paring Agung,Sungai Raya ,4.97,3.5,4.96999979019165,0,0,0,0,4.46999979019165,89.939634,0.5,10.060362,0,0.0,0,0.0,0.0,0,0,2025
086,Hamalau - Anjiran,Sungai Raya ,0.9,3,0.8999999761581421,0,0,0,0,0,0.0,0.800000011920929,88.88889,0.10000000149011612,11.111111,0,0.0,11.111111,0,0,2025
087,Tanjungan - Sp. 10 Batang Kulur - Sungai Kali,Sungai Raya ,7.3,3,7.300000190734863,0,0,0,0,0,0.0,7,95.890411,0.30000001192092896,4.109589,0,0.0,4.109589,0,0,2025
088,Sungai Raya Selatan - Sarang Halang,Sungai Raya ,2.62,3,2.619999885559082,0,0,0,0,0,0.0,0.3199999928474426,12.21374,0.699999988079071,26.717557,1.600000023841858,61.068703,87.78626,0,0,2025
089,Sp. Batang Kulur Kiri - Tatas,Sungai Raya ,2.37,3,2.369999885559082,0,0,0,0,0,0.0,0.5699999928474426,24.050633,1.7999999523162842,75.949365,0,0.0,75.949365,0,0,2025
090,Taal Batang Kulur - Sp. 3 Muara Prg Agung,Sungai Raya ,4.12,3.5,4.119999885559082,0,0,0,0,0.20000000298023224,4.854369,2.0999999046325684,50.970871,1.0199999809265137,24.757281,0.800000011920929,19.417476,44.174757,0,0,2025
091,Batang Kulur Kanan - Sarangan,Sungai Raya ,2.18,3,2.180000066757202,0,0,0,0,0,0.0,1.6799999475479126,77.064218,0.5,22.93578,0,0.0,22.93578,0,0,2025
092,Bumi Berkat - Mungkur Galah,Sungai Raya ,1.51,3,1.5099999904632568,0,0,0,0,0,0.0,1.2000000476837158,79.470202,0.3100000023841858,20.529801,0,0.0,20.529801,0,0,2025
093,Taal Jarau - Sp. Baru/Tampang,Sungai Raya ,5.65,3,5.650000095367432,0,0,0,0,2.8499999046325684,50.442476,2.799999952316284,49.557521,0,0.0,0,0.0,0.0,0,0,2025
094,Sungai Raya - Jambu Hulu/Paku,Sungai Raya - Padang Batung,5.17,5,5.170000076293945,0,0,0,0,5.170000076293945,100.000001,0,0.0,0,0.0,0,0.0,0.0,0,0,2025
095,Sungai Raya Selatan - Malutu - Goa Berangin,Sungai Raya - Padang Batung,6.35,3.619999885559082,6.099999904632568,0,0,0.25,0,0.6000000238418579,9.448819,3.299999952316284,51.968503,0.4000000059604645,6.299213,2.049999952316284,32.283464,38.582677,0,0,2025
096,Sp. 4 Baru/Tampang - Sp. Bilui Pamujaan,Sungai Raya - Simpur,3.77,3,3.7699999809265137,0,0,0,0,0,0.0,2.569999933242798,68.16976,1.100000023841858,29.177719,0.10000000149011612,2.65252,31.830239,0,0,2025
097,Asam Cangkuk - Telaga Bidadari,Sungai Raya ,0.83,2,0.6000000238418579,0,0.23000000417232513,0,0,0.20000000298023224,24.096386,0.029999999329447746,3.614458,0,0.0,0.6000000238418579,72.289159,72.289159,0,0,2025
098,Hamalau - Pahampangan,Sungai Raya ,0.78,3.5,0.7799999713897705,0,0,0,0,0.7799999713897705,99.999996,0,0.0,0,0.0,0,0.0,0.0,0,0,2025
099,Ida Manggala - Padang Makmur,Sungai Raya ,3.69,3.5,2.700000047683716,0,0,0.9900000095367432,0,0,0.0,0.8999999761581421,24.390243,1.5,40.650407,1.2900000214576721,34.95935,75.609757,0,0,2025
100,Simpang Hamalau - Teluk Pinang,Sungai Raya ,0.68,3.5,0.6800000071525574,0,0,0,0,0.07999999821186066,11.764706,0.4000000059604645,58.82353,0.10000000149011612,14.705883,0.10000000149011612,14.705883,29.411765,0,0,2025
101,Teluk Pinang - Pahampangan Utara,Sungai Raya ,2.22,3.5,2.2200000286102295,0,0,0,0,1.600000023841858,72.072073,0.6200000047683716,27.927928,0,0.0,0,0.0,0.0,0,0,2025
102,Hamalau - Telaga Bidadari - Wasah Hilir,Sungai Raya ,4.94,5,4.940000057220459,0,0,0,0,0.14000000059604645,2.834008,1.899999976158142,38.461538,2.5999999046325684,52.631577,0.30000001192092896,6.072875,58.704452,0,0,2025
103,Karasikan - Sarang Halang,Sungai Raya ,1.9,3,1.899999976158142,0,0,0,0,0,0.0,0.8999999761581421,47.36842,0.30000001192092896,15.789474,0.699999988079071,36.842105,52.631579,0,0,2025
104,Tanjungan - Sp. 3 Sakijang,Sungai Raya ,1.59,3,1.590000033378601,0,0,0,0,0,0.0,0.10000000149011612,6.289308,0.5,31.446541,0.9900000095367432,62.264152,93.710692,0,0,2025
105,Sarang Halang Padang - Sp. Batang Kulur,Sungai Raya ,2.11,3,2.109999895095825,0,0,0,0,0.5,23.696682,1.1100000143051147,52.606636,0.20000000298023224,9.478673,0.30000001192092896,14.21801,23.696683,0,0,2025
106,Hamalau - Ganda,Sungai Raya - Kandangan,1.17,3.5,1.1699999570846558,0,0,0,0,0,0.0,0.5,42.735043,0.6700000166893005,57.264959,0,0.0,57.264959,0,0,2025
107,Tamiyang - Ds. Tamiyang (Eks TMMD),Sungai Raya ,2.04,3,0,0,0,2.0399999618530273,0,0,0.0,0,0.0,0,0.0,2.0399999618530273,99.999998,99.999998,0,0,2025
108,Tanah Bangkang Menuju Balai Benih Ikan,Sungai Raya ,0.66,3,0.6600000262260437,0,0,0,0,0,0.0,0.20000000298023224,30.303031,0.10000000149011612,15.151515,0.36000001430511475,54.545457,69.696972,0,0,2025
109,Karang Intan - Tanah Bangkang,Sungai Raya ,1.11,3,1.1100000143051147,0,0,0,0,0,0.0,1.1100000143051147,100.000001,0,0.0,0,0.0,0.0,0,0,2025
110,Jl. Haritas (PT. Pertani),Sungai Raya ,0.64,3,0.6399999856948853,0,0,0,0,0.20000000298023224,31.25,0.4399999976158142,68.75,0,0.0,0,0.0,0.0,0,0,2025
111,Paharuangan - Sei. Raya Selatan,Sungai Raya ,1.96,3.5,1.9600000381469727,0,0,0,0,0.6000000238418579,30.612246,0.800000011920929,40.816327,0.46000000834465027,23.469388,0.10000000149011612,5.102041,28.571429,0,0,2025
112,Jl. Bangga TMMD,Sungai Raya ,0.79,3.5,0.7900000214576721,0,0,0,0,0,0.0,0,0.0,0.7900000214576721,100.000003,0,0.0,100.000003,0,0,2025
113,Batang Kulur Kiri - Durian Landung,Sungai Raya ,0.55,3.5,0.550000011920929,0,0,0,0,0.44999998807907104,81.81818,0.10000000149011612,18.181818,0,0.0,0,0.0,0.0,0,0,2025
114,Jl. Taminung,Sungai Raya ,2.02,3.5,2,0,0,0.019999999552965164,0,0,0.0,2,99.009901,0,0.0,0.019999999552965164,0.990099,0.990099,0,0,2025
115,Matang Gadung - Halalang,Sungai Raya ,0.42,3,0.41999998688697815,0,0,0,0,0.41999998688697815,99.999997,0,0.0,0,0.0,0,0.0,0.0,0,0,2025
116,"Sungai Raya Utara - Teluk Pinang 
				_x000D_
",Sungai Raya ,1.7,3,1.7000000476837158,0,0,0,0,0,0.0,1.5,88.235294,0.20000000298023224,11.764706,0,0.0,11.764706,0,0,2025
117,Jl. Mangunang - Ds. Sungai Raya Utara,Sungai Raya ,0.7,3,0.699999988079071,0,0,0,0,0,0.0,0.699999988079071,99.999998,0,0.0,0,0.0,0.0,0,0,2025
118,Hamalau - Asam Cangkok,Sungai Raya - Kandangan,1.43,3,1.4299999475479126,0,0,0,0,0.9300000071525574,65.034966,0.5,34.965035,0,0.0,0,0.0,0.0,0,0,2025
119,Hariti - Sungai Raya Selatan,Sungai Raya ,2.66,3,0.800000011920929,0,0,1.8600000143051147,0,0,0.0,0.4000000059604645,15.037594,0.30000001192092896,11.278196,1.9600000157952309,73.684211,84.962407,0,0,2025
120,Mangaris - Limau Manis,Sungai Raya ,4.1,3.5,0,0,0,4.099999904632568,0,0,0.0,0,0.0,0,0.0,4.099999904632568,99.999998,99.999998,0,0,2025
121,Jl. Munggu Raya - Ds. Hariti,Sungai Raya ,0.46,3,0.46000000834465027,0,0,0,0,0.10000000149011612,21.739131,0.36000001430511475,78.260873,0,0.0,0,0.0,0.0,0,0,2025
122,Paharuangan - Asam Dua,Sungai Raya ,0.91,3.5,0.20000000298023224,0,0,0.7099999785423279,0,0,0.0,0.20000000298023224,21.978022,0,0.0,0.7099999785423279,78.021976,78.021976,0,0,2025
123,Asam Seranggan - Asam Tamiyang,Sungai Raya ,1.02,4,0,0,1.0199999809265137,0,0,1.0199999809265137,99.999998,0,0.0,0,0.0,0,0.0,0.0,0,0,2025
124,Jl. Papancan - Ds. Tanah Bangkang,Sungai Raya ,1.46,3,1.4600000381469727,0,0,0,0,1.4600000381469727,100.000003,0,0.0,0,0.0,0,0.0,0.0,0,0,2025
125,Jl. Baru - Asam Desa Baru,Sungai Raya ,1.32,3,1.3200000524520874,0,0,0,0,0.20000000298023224,15.151515,0.9200000166893005,69.696971,0.20000000298023224,15.151515,0,0.0,15.151515,0,0,2025
126,Jl. Sungai Namang - Ds. Tanah Bangkang,Sungai Raya ,0.73,3,0,0,0,0.7300000190734863,0,0,0.0,0,0.0,0,0.0,0.7300000190734863,100.000003,100.000003,0,0,2025
127,Jarau - Parandakan,Sungai Raya ,0.7,3,0.699999988079071,0,0,0,0,0,0.0,0,0.0,0.20000000298023224,28.571429,0.5,71.428571,100.0,0,0,2025
128,Mungkur Galah - Lokpaikat,Sungai Raya ,0.71,3,0.7099999785423279,0,0,0,0,0,0.0,0.20000000298023224,28.169015,0.5099999904632568,71.830985,0,0.0,71.830985,0,0,2025
129,Batang Kulur Kanan - Bumi Berkat (Jl. Kisung),Sungai Raya ,1.61,3,1.6100000143051147,0,0,0,0,0,0.0,0,0.0,0,0.0,1.6100000143051147,100.000001,100.000001,0,0,2025
130,Batang Kulur Kanan - Batang Kulur Kiri,Sungai Raya ,0.82,3.5,0,0,0,0.8199999928474426,0,0,0.0,0,0.0,0,0.0,0.8199999928474426,99.999999,99.999999,0,0,2025
131,Jl. Manggis - Ds. Baru,Sungai Raya ,1.28,3.5,0,0,0,1.2799999713897705,0,0,0.0,0,0.0,0,0.0,1.2799999713897705,99.999998,99.999998,0,0,2025
132,Jl. TPA - Ds. Sungai Raya Selatan,Sungai Raya ,0.85,6,0.8500000238418579,0,0,0,0,0.6499999761581421,76.470585,0.20000000298023224,23.529412,0,0.0,0,0.0,0.0,0,0,2025
133,Jl. Pembangunan - Ds. Sungai Raya Utara,Sungai Raya ,0.95,3,0.949999988079071,0,0,0,0,0,0.0,0.3499999940395355,36.842105,0.4000000059604645,42.105264,0.20000000298023224,21.052632,63.157896,0,0,2025
134,Jl. Kalaka Dayuh - Ds. Sungai Raya Utara,Sungai Raya ,0.43,3,0,0,0,0.4300000071525574,0,0,0.0,0,0.0,0,0.0,0.4300000071525574,100.000002,100.000002,0,0,2025
135,Teluk Pinang - Padang Rasau,Padang Batung,2.18,3.5,2.180000066757202,0,0,0,0,0,0.0,1.2000000476837158,55.045874,0.9800000190734863,44.954129,0,0.0,44.954129,0,0,2025
136,Tanayung - Simp. Ambarai,Padang Batung,1.61,3.5,1.6100000143051147,0,0,0,0,0,0.0,1.2100000381469727,75.155282,0.30000001192092896,18.633541,0.10000000149011612,6.21118,24.844721,0,0,2025
137,Tabihi - Telaga Langsat,Padang Batung - Telaga Langsat,8.65,4,8.649999618530273,0,0,0,0,2.75,31.791908,5.599999904632568,64.739883,0.30000001192092896,3.468208,0,0.0,3.468208,0,0,2025
138,Karang Jawa -Ambarai - Sungai Bungur,Padang Batung,4.04,3.5,4.039999961853027,0,0,0,0,0,0.0,1.840000033378601,45.544555,1.399999976158142,34.653465,0.800000011920929,19.80198,54.455445,0,0,2025
139,Ambarai - Madang,Padang Batung,1.74,3.5,1.7400000095367432,0,0,0,0,1.340000033378601,77.011496,0.4000000059604645,22.988506,0,0.0,0,0.0,0.0,0,0,2025
140,Padang Batung - Batulaki - Malilingin,Padang Batung,8.88,3.5,8.880000114440918,0,0,0,0,0,0.0,2.4800000190734863,27.927928,1.899999976158142,21.396396,4.5,50.675676,72.072072,0,0,2025
141,Malilingin - Lokbahan - Paniungan,Padang Batung,10.66,3.009999990463257,7.599999904632568,0,1.3600000143051147,1.7000000476837158,0,6.400000095367432,60.037524,1.899999976158142,17.82364,0.20000000298023224,1.876173,2.160000056028366,20.262665,22.138837,0,0,2025
142,Mawangi - Bukuanin - Telaga Langsat,Padang Batung - Telaga Langsat,14.22,4,14.220000267028809,0,0,0,0,0,0.0,8.119999885559082,57.102671,4.599999904632568,32.348804,1.5,10.548523,42.897327,0,0,2025
143,Mandapai - Madang,Padang Batung,5.82,3.5,5.820000171661377,0,0,0,0,0,0.0,2.9200000762939453,50.171823,1.7999999523162842,30.927834,1.100000023841858,18.900344,49.828178,0,0,2025
144,Kaliring - Sp. Padang Batung,Padang Batung,4.5,3,4.5,0,0,0,0,0,0.0,2.4000000953674316,53.333335,1.399999976158142,31.111111,0.699999988079071,15.555555,46.666666,0,0,2025
145,Pagar  Haur - Malutu,Padang Batung,0.22,3.5,0.2199999988079071,0,0,0,0,0.2199999988079071,99.999999,0,0.0,0,0.0,0,0.0,0.0,0,0,2025
146,Simpang Malutu - Pahampangan,Padang Batung - Sungai Raya,4.51,3,0,0,0,1.7999999523162842,2.7100000381469727,0,0.0,0,0.0,0,0.0,4.510000228881836,100.000005,100.000005,0,0,2025
147,Simpang Malutu - Tambak,Padang Batung,2.87,3.9200000762939453,2.869999885559082,0,0,0,0,0.800000011920929,27.874565,1,34.843206,0.7699999809265137,26.829268,0.30000001192092896,10.452962,37.28223,0,0,2025
148,Pagat Batu - Muara Hariang,Padang Batung,3.27,3.5,2.9700000286102295,0,0,0.30000001192092896,0,0,0.0,2.569999933242798,78.59327,0.30000001192092896,9.174312,0.4000000134110451,12.232416,21.406729,0,0,2025
149,Paku (Jambu Hulu) - Ganda,Padang Batung - Kandangan,1.88,3,1.8799999952316284,0,0,0,0,0,0.0,0,0.0,1.5800000429153442,84.042555,0.30000001192092896,15.957447,100.000003,0,0,2025
150,Sp.3 Bukuanin - Riam Talo,Padang Batung - Telaga Langsat,3.12,3,2.7200000286102295,0,0,0.4000000059604645,0,0,0.0,1,32.051282,0.9200000166893005,29.48718,1.2000000178813934,38.461539,67.948719,0,0,2025
151,Sp.3 Bukuanin - Tayub,Padang Batung,3.39,3,0.6000000238418579,0,0,0,2.7899999618530273,0,0.0,0.6000000238418579,17.699116,0,0.0,2.7899999618530273,82.300884,82.300884,0,0,2025
152,Madang - Ambutun,Padang Batung - Telaga Langsat,2.94,3.5,2.940000057220459,0,0,0,0,0,0.0,2.0399999618530273,69.387754,0.800000011920929,27.210885,0.10000000149011612,3.401361,30.612245,0,0,2025
153,Jl. Monumen 17 Mei - Mandapai,Padang Batung,0.06,3.5,0.05999999865889549,0,0,0,0,0.05999999865889549,99.999998,0,0.0,0,0.0,0,0.0,0.0,0,0,2025
154,Batu Laki - Muara Pipii,Padang Batung,4.27,3.5,4.170000076293945,0,0.10000000149011612,0,0,0.6000000238418579,14.051523,0.30000001192092896,7.025761,0.4000000059604645,9.367682,2.9700000286102295,69.555036,78.922717,0,0,2025
155,Muara Pipii - Tambak Pipii,Padang Batung,4.65,3,0.6000000238418579,0,0.8999999761581421,3.1500000953674316,0,0,0.0,0,0.0,0.4000000059604645,8.602151,4.2500001192092896,91.397852,100.000003,0,0,2025
156,Tambak Pipii - Malilingin,Padang Batung,4.88,3.2799999713897705,0,0,0.9800000190734863,0,3.9000000953674316,0,0.0,0.9800000190734863,20.081968,0,0.0,3.9000000953674316,79.918035,79.918035,0,0,2025
157,Malilingin - Muara Hariang,Padang Batung,4.57,4,0,0,0,0,4.570000171661377,0,0.0,0,0.0,0,0.0,4.570000171661377,100.000004,100.000004,0,0,2025
158,Mawangi - Pariangan,Padang Batung,2.35,3.5,2.3499999046325684,0,0,0,0,0.10000000149011612,4.255319,1.149999976158142,48.936169,1,42.553191,0.10000000149011612,4.255319,46.808511,0,0,2025
159,Jambu Hulu - Paku Pantai,Padang Batung,1.62,3,1.6200000047683716,0,0,0,0,0,0.0,1.5,92.592593,0.11999999731779099,7.407407,0,0.0,7.407407,0,0,2025
160,Sungai Minting - Ds. Malutu,Padang Batung,0.47,3,0.4699999988079071,0,0,0,0,0,0.0,0.4699999988079071,100.0,0,0.0,0,0.0,0.0,0,0,2025
161,Padang Rasau (Tambak Tamiang) - Paku Pantai,Padang Batung,2.23,3,2.2300000190734863,0,0,0,0,0,0.0,1.9299999475479126,86.547083,0.30000001192092896,13.452915,0,0.0,13.452915,0,0,2025
162,Jl. Galuntang Tayub - Ds. Madang,Padang Batung,2.36,3.5,2.359999895095825,0,0,0,0,2.059999942779541,87.288133,0.30000001192092896,12.711865,0,0.0,0,0.0,0.0,0,0,2025
163,Jl. Menuju SMPN Malilingin,Padang Batung,0.45,3,0.44999998807907104,0,0,0,0,0,0.0,0.3499999940395355,77.777776,0.10000000149011612,22.222223,0,0.0,22.222223,0,0,2025
164,Jl. Samping Mesjid Mandapai,Padang Batung,0.24,3,0.23999999463558197,0,0,0,0,0,0.0,0.14000000059604645,58.333334,0.10000000149011612,41.666667,0,0.0,41.666667,0,0,2025
165,Muara Hariang - Bayumbung,Padang Batung - Loksado,4,2,0,0,0.7000000178813934,0,3.299999952316284,0,0.0,0.30000001192092896,7.5,0,0.0,3.6999999582767487,92.499999,92.499999,0,0,2025
166,Tambak Pipii - Batu Ampar,Padang Batung,1.98,1.5,0,0,1.9800000190734863,0,0,0,0.0,0,0.0,0,0.0,1.9800000190734863,100.000001,100.000001,0,0,2025
167,Bakarung - Rantauan,Angkinang,3.03,3.5,3.0299999713897705,0,0,0,0,1,33.0033,1.1299999952316284,37.293729,0.8999999761581421,29.70297,0,0.0,29.70297,0,0,2025
168,Taniran Selatan - Rantauan,Angkinang,1.11,3,1.1100000143051147,0,0,0,0,0.9100000262260437,81.981984,0.20000000298023224,18.018018,0,0.0,0,0.0,0.0,0,0,2025
169,Bakarung -Tabihi - Karang Jawa,Angkinang - Padang Batung,4.57,3.5,4.570000171661377,0,0,0,0,0,0.0,2.569999933242798,56.236322,2,43.763676,0,0.0,43.763676,0,0,2025
170,Pandulangan - Kalinduku,Angkinang - Padang Batung,1.07,3,1.0700000524520874,0,0,0,0,0,0.0,0.07000000029802322,6.542056,0.5,46.728972,0.5,46.728972,93.457944,0,0,2025
171,Taniran Selatan Kubah - Buntut Taniran / Wawaran,Angkinang - Kandangan,6.74,3,6.739999771118164,0,0,0,0,0.8999999761581421,13.353115,2.140000104904175,31.750743,2,29.673591,1.7000000476837158,25.222553,54.896143,0,0,2025
172,Angkinang Selatan - Tawia - Wawaran,Angkinang,5.88,3,5.880000114440918,0,0,0,0,1.7000000476837158,28.911565,3.2799999713897705,55.782312,0.8999999761581421,15.306122,0,0.0,15.306122,0,0,2025
173,Tawia - Kayu Abang,Angkinang,1.49,3,1.4900000095367432,0,0,0,0,1.4900000095367432,100.000001,0,0.0,0,0.0,0,0.0,0.0,0,0,2025
174,Bamban Selatan - Tanggang - Panggang Hijau,Angkinang,3.58,3,1.100000023841858,0,0,2.4800000190734863,0,0,0.0,1,27.932961,0.10000000149011612,2.793296,2.4800000190734863,69.273744,72.06704,0,0,2025
175,Angkinang - Telaga Langsat,Angkinang - Telaga Langsat,5.58,3,5.579999923706055,0,0,0,0,0.4000000059604645,7.168459,3.9800000190734863,71.326165,1.2000000476837158,21.505377,0,0.0,21.505377,0,0,2025
176,Bamban Selatan - Pakuan,Angkinang - Telaga Langsat,2.09,3,2.0899999141693115,0,0,0,0,0,0.0,1.8899999856948853,90.430621,0.20000000298023224,9.569378,0,0.0,9.569378,0,0,2025
177,Bamban Utara - Longawang,Angkinang - Telaga Langsat,2.11,3.5,2.109999895095825,0,0,0,0,0,0.0,2.009999990463257,95.260663,0.10000000149011612,4.739337,0,0.0,4.739337,0,0,2025
178,Angkinang - Kayu Abang - Panggang Hijau,Angkinang,7,3,5.400000095367432,0,0,1.600000023841858,0,1.399999976158142,20.0,1.100000023841858,15.714286,1.2999999523162842,18.571428,3.200000047683716,45.714286,64.285714,0,0,2025
179,Sp. Mandampa Tel. Sili-Sili - Sp. Sei. Bungur,Angkinang - Padang Batung,4.9,3.5,4.900000095367432,0,0,0,0,0,0.0,3,61.22449,1.899999976158142,38.77551,0,0.0,38.77551,0,0,2025
180,Sungai Kudung - Kalinduku,Angkinang,2.95,3.5,2.950000047683716,0,0,0,0,0,0.0,1.0499999523162842,35.593219,1.600000023841858,54.237289,0.30000001192092896,10.169492,64.406781,0,0,2025
181,Bamban Tengah - Lok Nyiur,Angkinang,1.26,3.5,1,0,0.25999999046325684,0,0,0,0.0,0.699999988079071,55.555555,0.30000001192092896,23.809525,0.25999999046325684,20.63492,44.444445,0,0,2025
182,Sp. Bakarung Selatan - Sungai Kudung,Angkinang,0.55,3,0.4000000059604645,0,0,0.15000000596046448,0,0.10000000149011612,18.181818,0.20000000298023224,36.363637,0.10000000149011612,18.181818,0.15000000596046448,27.272728,45.454547,0,0,2025
183,Panggang Hijau - Ds. Tawar,Angkinang - Kandangan,3.67,3,0,0,0,0,3.6700000762939453,0,0.0,0,0.0,0,0.0,3.6700000762939453,100.000002,100.000002,0,0,2025
184,Taniran Tengah - Taniran Selatan,Angkinang,2.26,3,2.259999990463257,0,0,0,0,1.2000000476837158,53.097347,1.059999942779541,46.902652,0,0.0,0,0.0,0.0,0,0,2025
185,Jl. Kayu Abang - Ds. Anjiran,Angkinang,0.98,3,0,0,0.9800000190734863,0,0,0,0.0,0.5799999833106995,59.183672,0.10000000149011612,10.204082,0.30000001192092896,30.612246,40.816328,0,0,2025
186,Jl. Rel Angkinang - TMMD Angkinang,Angkinang,3.63,3,1.399999976158142,0,0,2.2300000190734863,0,0,0.0,0.20000000298023224,5.509642,1.100000023841858,30.303031,2.3300000205636024,64.187328,94.490359,0,0,2025
187,Jl. AMD - Ds. Lok Binuang,Angkinang,1.57,3.5,0.20000000298023224,0,0,1.3700000047683716,0,0,0.0,0,0.0,0,0.0,1.5700000077486038,100.0,100.0,0,0,2025
188,Jl. Pandan Sari - Ds. Angkinang,Angkinang,0.44,3,0.4399999976158142,0,0,0,0,0.30000001192092896,68.181821,0.03999999910593033,9.090909,0,0.0,0.10000000149011612,22.727273,22.727273,0,0,2025
189,Bamban Selatan - Pakuan Balunan,Angkinang,1.71,3,1.7100000381469727,0,0,0,0,0.5,29.239766,1.2100000381469727,70.760236,0,0.0,0,0.0,0.0,0,0,2025
190,Kayu Abang - Paya,Angkinang,0.7,3,0.699999988079071,0,0,0,0,0.10000000149011612,14.285714,0.30000001192092896,42.857145,0.20000000298023224,28.571429,0.10000000149011612,14.285714,42.857143,0,0,2025
191,Bamban (Tibung) - Martajiwa,Angkinang,0.66,3,0.10000000149011612,0,0,0.5600000023841858,0,0,0.0,0,0.0,0.10000000149011612,15.151515,0.5600000023841858,84.848485,100.000001,0,0,2025
192,Rantauan - Sungai Baru (Jl. Pulau),Angkinang,1.18,3.5,1.1799999475479126,0,0,0,0,0.9800000190734863,83.050849,0.10000000149011612,8.474576,0.10000000149011612,8.474576,0,0.0,8.474576,0,0,2025
193,Telaga Langsat - Pakuan Timur,Telaga Langsat,2.82,3,2.819999933242798,0,0,0,0,0,0.0,0.8999999761581421,31.914893,1.0199999809265137,36.170212,0.8999999761581421,31.914893,68.085105,0,0,2025
194,Longawang - Gumbil,Telaga Langsat,1.66,3.5,1.659999966621399,0,0,0,0,0.10000000149011612,6.024096,1.559999942779541,93.9759,0,0.0,0,0.0,0.0,0,0,2025
195,Mandampa - Longawang,Telaga Langsat,2.86,3.5,2.859999895095825,0,0,0,0,0,0.0,2.5999999046325684,90.909088,0.25999999046325684,9.090909,0,0.0,9.090909,0,0,2025
196,Gumbil - Masimpan,Telaga Langsat,5,3,5,0,0,0,0,0,0.0,3.799999952316284,75.999999,1.100000023841858,22.0,0.10000000149011612,2.0,24.000001,0,0,2025
197,Hamak Timur - Umpaya,Telaga Langsat,4.19,3,4.190000057220459,0,0,0,0,0.699999988079071,16.706444,2.490000009536743,59.427208,1,23.866348,0,0.0,23.866348,0,0,2025
198,Hamak - Umbai,Telaga Langsat,0.97,1.5,0,0,0.9700000062584877,0,0,0,0.0,0.10000000149011612,10.309279,0.30000001192092896,30.927836,0.5699999928474426,58.762886,89.690722,0,0,2025
199,Hamak Utara - Samaragi,Telaga Langsat,0.3,3,0,0,0.20000000298023224,0.10000000149011612,0,0,0.0,0,0.0,0.20000000298023224,66.666668,0.10000000149011612,33.333334,100.000001,0,0,2025
200,Umpaya - Tumarin,Telaga Langsat,0.56,3.5,0.5600000023841858,0,0,0,0,0.36000001430511475,64.285717,0.20000000298023224,35.714286,0,0.0,0,0.0,0.0,0,0,2025
201,Jl. Sungai Durian - Ds. Gumbil,Telaga Langsat,0.95,3.5,0,0,0.8999999761581421,0.05000000074505806,0,0,0.0,0.8999999761581421,94.73684,0,0.0,0.05000000074505806,5.263158,5.263158,0,0,2025
202,Pantai Langsat - Umpaya ,Telaga Langsat,4.45,2,0,0,4.449999809265137,0,0,0,0.0,4.449999809265137,99.999996,0,0.0,0,0.0,0.0,0,0,2025
203,Halayung - Hantarukung,Simpur,1.91,3,1.909999966621399,0,0,0,0,1.809999942779541,94.764395,0.10000000149011612,5.235602,0,0.0,0,0.0,0.0,0,0,2025
204,Wasah Hulu - Amparaya - Simpur,Simpur,6.36,3.5,6.360000133514404,0,0,0,0,0.4000000059604645,6.289308,0.800000011920929,12.578617,2.0999999046325684,33.018866,3.059999942779541,48.113207,81.132073,0,0,2025
205,Wasah Hilir - Sarang Halang,Simpur - Sungai Raya,3.13,3,3.130000114440918,0,0,0,0,1.1299999952316284,36.102236,1.399999976158142,44.728434,0.6000000238418579,19.16933,0,0.0,19.16933,0,0,2025
206,Simpur - Simp. Bilui,Simpur,1.03,3,1.0299999713897705,0,0,0,0,0.23000000417232513,22.330097,0.6000000238418579,58.252429,0.20000000298023224,19.417476,0,0.0,19.417476,0,0,2025
207,Simpur - Sp. 3 Muara Paring Agung,Simpur - Sungai Raya,2.73,3.5,2.7300000190734863,0,0,0,0,1.0299999713897705,37.728937,1.5,54.945055,0.20000000298023224,7.326007,0,0.0,7.326007,0,0,2025
208,Wasah Tengah - Sungai Tarap,Simpur,3.35,3.5,3.3499999046325684,0,0,0,0,3.3499999046325684,99.999997,0,0.0,0,0.0,0,0.0,0.0,0,0,2025
209,Wasah Hilir - Amparaya,Simpur,2.93,3,2.930000066757202,0,0,0,0,1,34.129693,0.10000000149011612,3.412969,0.5299999713897705,18.088736,1.2999999523162842,44.368599,62.457335,0,0,2025
210,Panjampang  Bahagia - Bayur,Simpur,1.56,3.5,1.559999942779541,0,0,0,0,0.10000000149011612,6.410257,1.159999966621399,74.358972,0.30000001192092896,19.23077,0,0.0,19.23077,0,0,2025
211,Ulin - Tanggul (Balai Mas),Simpur,3.91,3.5,3.9100000858306885,0,0,0,0,0,0.0,1.7000000476837158,43.478262,0.8999999761581421,23.017902,1.309999942779541,33.503835,56.521737,0,0,2025
212,Panjampang Bahagia - Hanau,Simpur,4.78,3.5,4,0,0,0,0.7799999713897705,0,0.0,2.299999952316284,48.117154,0.30000001192092896,6.276151,2.1799999475479126,45.606693,51.882844,0,0,2025
213,Jl. Halaban,Simpur,2.12,3.5,1.600000023841858,0,0,0,0.5199999809265137,0,0.0,0.10000000149011612,4.716981,0.30000001192092896,14.150944,1.7200000286102295,81.132077,95.283021,0,0,2025
214,Amparaya - Karangan - Hanau,Simpur,4.36,3.5,4.360000133514404,0,0,0,0,2,45.87156,2.1600000858306885,49.541286,0.20000000298023224,4.587156,0,0.0,4.587156,0,0,2025
215,Jl. Kalimput Desa Wasah Hilir,Simpur,0.9,3.5,0.8999999761581421,0,0,0,0,0,0.0,0.4000000059604645,44.444445,0.5,55.555556,0,0.0,55.555556,0,0,2025
216,Jl. Sungai Kacil I - Kapuh Padang,Simpur,1.32,3.5,1.3200000524520874,0,0,0,0,1.3200000524520874,100.000004,0,0.0,0,0.0,0,0.0,0.0,0,0,2025
217,Jl. Sungai Kacil II,Simpur,0.39,3,0.38999998569488525,0,0,0,0,0.28999999165534973,74.358972,0.10000000149011612,25.641026,0,0.0,0,0.0,0.0,0,0,2025
218,Jl. Papagaran - Ds. Amawang Kanan,Simpur,0.54,3.5,0.5400000214576721,0,0,0,0,0,0.0,0.5400000214576721,100.000004,0,0.0,0,0.0,0.0,0,0,2025
219,Balaimas - Hanau,Simpur,2.33,3.5,2.3299999237060547,0,0,0,0,0,0.0,2.3299999237060547,99.999997,0,0.0,0,0.0,0.0,0,0,2025
220,Garunggang - Hantamangu,Simpur,1.16,3,1,0,0,0,0.1599999964237213,0,0.0,0.800000011920929,68.965518,0.20000000298023224,17.24138,0.1599999964237213,13.793103,31.034483,0,0,2025
221,Jl. KH. Ramli - DS. Amparaya,Simpur,0.34,3,0.3400000035762787,0,0,0,0,0.14000000059604645,41.176471,0.20000000298023224,58.82353,0,0.0,0,0.0,0.0,0,0,2025
222,Jl. Tungkaran - Ds. Ulin,Simpur,1.24,3,1.2400000095367432,0,0,0,0,0,0.0,0.6399999856948853,51.612902,0,0.0,0.6000000238418579,48.387099,48.387099,0,0,2025
223,Jl. Mondar (Ulin-Pantai Ulin) - Ds. Ulin,Simpur - Kandangan,1.86,3.5,1.8600000143051147,0,0,0,0,0,0.0,1.8600000143051147,100.000001,0,0.0,0,0.0,0.0,0,0,2025
224,Jl. Pendawa - Ds. Tebing Tinggi,Simpur,0.82,3,0.699999988079071,0,0,0,0.11999999731779099,0.20000000298023224,24.390244,0.5,60.97561,0,0.0,0.11999999731779099,14.634146,14.634146,0,0,2025
225,Jl. Mangamol - Ds. Pantai Ulin,Simpur,0.69,3,0.6899999976158142,0,0,0,0,0.6899999976158142,100.0,0,0.0,0,0.0,0,0.0,0.0,0,0,2025
226,Jl. Guru H. Izim - Ds. Pantai Ulin,Simpur,0.62,3,0,0,0,0.6200000047683716,0,0,0.0,0,0.0,0,0.0,0.6200000047683716,100.000001,100.000001,0,0,2025
227,Jl. Rawati - Ds. Panjampang Bahagia,Simpur,1.21,3.5,1.2100000381469727,0,0,0,0,1.2100000381469727,100.000003,0,0.0,0,0.0,0,0.0,0.0,0,0,2025
228,Jl. Pianggu,Simpur,0.82,3,0.8199999928474426,0,0,0,0,0.8199999928474426,99.999999,0,0.0,0,0.0,0,0.0,0.0,0,0,2025
229,Jl. Buluh - Ds. Tebing Tinggi,Simpur,1.28,3.5,0.6000000238418579,0,0,0.6800000071525574,0,0.5,39.0625,0.10000000149011612,7.8125,0,0.0,0.6800000071525574,53.125001,53.125001,0,0,2025
230,Jl. H. Saim Garunggang - Kalimput,Simpur,0.71,3,0.7099999785423279,0,0,0,0,0.6100000143051147,85.915495,0.10000000149011612,14.084507,0,0.0,0,0.0,0.0,0,0,2025
231,Jl. Padang Haur - Ds. Wasah Tengah,Simpur,1.23,3,1.2300000190734863,0,0,0,0,0,0.0,0.23000000417232513,18.699187,0.5,40.650407,0.5,40.650407,81.300813,0,0,2025
232,Jl. Gerilya - Ds. Simpur,Simpur,0.52,3,0.5199999809265137,0,0,0,0,0.41999998688697815,80.769228,0.10000000149011612,19.23077,0,0.0,0,0.0,0.0,0,0,2025
233,Jl. Jangkang - Ds. Wasah Hilir,Simpur,0.34,3,0.3400000035762787,0,0,0,0,0.3400000035762787,100.000001,0,0.0,0,0.0,0,0.0,0.0,0,0,2025
234,Jl. Air Miris - Ds. Wasah Hilir,Simpur,1.06,3,1.059999942779541,0,0,0,0,0.25999999046325684,24.528301,0.800000011920929,75.471699,0,0.0,0,0.0,0.0,0,0,2025
235,Jl. Tandik - Ds. Wasah Hilir,Simpur,0.5,3,0.5,0,0,0,0,0.20000000298023224,40.000001,0.30000001192092896,60.000002,0,0.0,0,0.0,0.0,0,0,2025
236,Jl. Ds. Kapuh Tengah (Jl. Menuju Majelis Talim),Simpur,0.6,3.5,0.6000000238418579,0,0,0,0,0.6000000238418579,100.000004,0,0.0,0,0.0,0,0.0,0.0,0,0,2025
237,Jl. Karampaci - Ds. Kapuh,Simpur,0.52,3,0.5199999809265137,0,0,0,0,0.41999998688697815,80.769228,0.10000000149011612,19.23077,0,0.0,0,0.0,0.0,0,0,2025
238,Jl. At-Taubah - Ds. Kapuh,Simpur,0.47,3,0.4699999988079071,0,0,0,0,0.10000000149011612,21.276596,0.3700000047683716,78.723405,0,0.0,0,0.0,0.0,0,0,2025
239,Jl. Firdaus - Ds. Kapuh,Simpur,0.3,3,0.30000001192092896,0,0,0,0,0,0.0,0.10000000149011612,33.333334,0.20000000298023224,66.666668,0,0.0,66.666668,0,0,2025
240,Jl. Slasa Garih - Ds. Kapuh,Simpur,0.5,3,0.5,0,0,0,0,0,0.0,0.5,100.0,0,0.0,0,0.0,0.0,0,0,2025
241,Jl. Palas - Ds. Wasah Tengah,Simpur,0.83,3,0.8299999833106995,0,0,0,0,0,0.0,0,0.0,0,0.0,0.8299999833106995,99.999998,99.999998,0,0,2025
242,Jl. Tanah Habang - Ds. Simpur,Simpur,1.05,3.5,0,0,0,1.0499999523162842,0,0,0.0,0,0.0,0,0.0,1.0499999523162842,99.999995,99.999995,0,0,2025
243,Jl. Banua Kambang - Ds. Wasah Tengah,Simpur,1.39,3,1.3899999856948853,0,0,0,0,0.4000000059604645,28.776979,0.49000000953674316,35.251799,0.5,35.971223,0,0.0,35.971223,0,0,2025
244,Jl. Pajah Api - Ds. Kapuh,Simpur,0.34,3,0.3400000035762787,0,0,0,0,0.23999999463558197,70.588234,0.10000000149011612,29.411765,0,0.0,0,0.0,0.0,0,0,2025
245,Jl. Talapak Manuk - Ds. Kapuh,Simpur,0.76,3,0.1599999964237213,0,0,0,0.6000000238418579,0,0.0,0.1599999964237213,21.052631,0,0.0,0.6000000238418579,78.947372,78.947372,0,0,2025
246,Sirih - Taro,Kalumpang,1.26,3.5,1.2599999904632568,0,0,0,0,0,0.0,1.159999966621399,92.063489,0.10000000149011612,7.936508,0,0.0,7.936508,0,0,2025
247,Kalumpang - Balimau,Kalumpang,5.21,3.5,5.210000038146973,0,0,0,0,1.309999942779541,25.143953,3.5999999046325684,69.097887,0.30000001192092896,5.758158,0,0.0,5.758158,0,0,2025
248,Kalumpang (Ds. Balanti) - Teratai,Kalumpang,5.69,5,0,0,0,5.690000057220459,0,0,0.0,0,0.0,0,0.0,5.690000057220459,100.000001,100.000001,0,0,2025
249,Bago Tanggul - Katilang - Teratai,Kalumpang,9.71,4,7.300000190734863,0,0,0,2.4100000858306885,6.599999904632568,67.971163,0.699999988079071,7.209063,0,0.0,2.4100000858306885,24.819774,24.819774,0,0,2025
250,Binjai (Sirih Hulu) - Ds. Seranggan,Kalumpang - Sungai Raya,4.34,3.5,4.340000152587891,0,0,0,0,1.5399999618530273,35.48387,1.399999976158142,32.258064,1.399999976158142,32.258064,0,0.0,32.258064,0,0,2025
251,Balanti - (Ex. P3DT),Kalumpang,1.66,3,1.659999966621399,0,0,0,0,1.059999942779541,63.855418,0.6000000238418579,36.14458,0,0.0,0,0.0,0.0,0,0,2025
252,Kalumpang - Baruh,Kalumpang,2.72,3,2.7200000286102295,0,0,0,0,0.699999988079071,25.735294,2.0199999809265137,74.264705,0,0.0,0,0.0,0.0,0,0,2025
253,Sirih - Pacakan,Kalumpang,0.64,3,0.5,0,0,0,0.14000000059604645,0,0.0,0.4000000059604645,62.500001,0,0.0,0.24000000208616257,37.5,37.5,0,0,2025
254,SP.4 Mesjid Sirih - Sarang Nyamuk - Asam Tamiyang,Kalumpang - Sungai Raya,6.1,3,6,0,0,0.10000000149011612,0,1.600000023841858,26.229509,2.299999952316284,37.704917,1.399999976158142,22.950819,0.7999999895691872,13.114754,36.065573,0,0,2025
255,Kalumpang Selatan - Ds. Asam Tamiyang,Kalumpang,0.82,3,0,0,0.8199999928474426,0,0,0,0.0,0,0.0,0,0.0,0.8199999928474426,99.999999,99.999999,0,0,2025
256,Balimau - Murung Dalam,Kalumpang,1.46,2.5,0,0,0,0,1.4600000381469727,0,0.0,0,0.0,0,0.0,1.4600000381469727,100.000003,100.000003,0,0,2025
257,Jl. Karya Bakti - Ds. Balimau,Kalumpang,0.86,4.190000057220459,0.5,0,0.30000001192092896,0.05999999865889549,0,0.5,58.139535,0.10000000149011612,11.627907,0,0.0,0.26000000163912773,30.232558,30.232558,0,0,2025
258,Tanuhi - Ulang,Loksado,7.65,3,7.650000095367432,0,0,0,0,2.200000047683716,28.758171,3.049999952316284,39.86928,2,26.143791,0.4000000059604645,5.228758,31.372549,0,0,2025
259,Loksado - Loklahung,Loksado,1.28,3,1.2799999713897705,0,0,0,0,0.8999999761581421,70.312498,0.18000000715255737,14.062501,0,0.0,0.20000000298023224,15.625,15.625,0,0,2025
260,Loksado - Haratai,Loksado,7.17,2,0.6000000238418579,0,6.570000171661377,0,0,0,0.0,0.5699999928474426,7.949791,6.599999904632568,92.050208,0,0.0,92.050208,0,0,2025
261,Loklahung - Kamawakan,Loksado,6.82,2,0,0,6.820000171661377,0,0,0.30000001192092896,4.398827,2.2200000286102295,32.55132,0,0.0,4.300000190734863,63.049856,63.049856,0,0,2025
262,Jl. Niagara (Ds. Halunuk) - Ayan,Loksado,2.06,3.5,0.5600000023841858,0,0,1.5,0,0.5600000023841858,27.184466,0,0.0,0,0.0,1.5,72.815534,72.815534,0,0,2025
263,Malinau - Katingin - Kamawakan,Loksado,9.46,3,5,0,0,2.299999952316284,2.1600000858306885,3,31.712474,0.30000001192092896,3.171247,0.5,5.285412,5.6600000858306885,59.830868,65.11628,0,0,2025
264,Loklahung - Malaris,Loksado,0.81,3.5,0,0,0.8100000023841858,0,0,0,0.0,0.20999999344348907,25.925925,0.30000001192092896,37.037039,0.30000001192092896,37.037039,74.074077,0,0,2025
265,Jl. Bubuih - Ds. Halunuk,Loksado,0.74,3.5,0.7400000095367432,0,0,0,0,0,0.0,0.10000000149011612,13.513514,0.14000000059604645,18.918919,0.5,67.567568,86.486487,0,0,2025
266,Halunuk - Riam Tajam/Talo - Hamak Umpaya,Loksado - Telaga Langsat,7.78,3,5.880000114440918,0,0,1.899999976158142,0,0,0.0,4.179999828338623,53.727504,0.8999999761581421,11.568123,2.699999988079071,34.70437,46.272493,0,0,2025
267,Jl. Muara Kitar - Desa Lumpangi,Loksado,0.43,3,0.4300000071525574,0,0,0,0,0,0.0,0.23000000417232513,53.488373,0.20000000298023224,46.511629,0,0.0,46.511629,0,0,2025
268,Jl. Hulu Banyu - Pantai Langsat,Loksado,1.79,3,1.7899999618530273,0,0,0,0,0.8899999856948853,49.72067,0.8999999761581421,50.279328,0,0.0,0,0.0,0.0,0,0,2025
269,Jl. Bayampah - Tanuhi - Tugu Niih,Loksado,0.61,3.5,0.4000000059604645,0,0.20999999344348907,0,0,0,0.0,0.20999999344348907,34.426228,0,0.0,0.4000000059604645,65.573771,65.573771,0,0,2025
270,Jl. Kantor Camat Loksado II,Loksado,0.12,3.5,0.11999999731779099,0,0,0,0,0.11999999731779099,99.999998,0,0.0,0,0.0,0,0.0,0.0,0,0,2025
271,Jl. Buntu Muara Hatib - Bts. Kab. HST,Loksado,1.16,3.5,1.159999966621399,0,0,0,0,0,0.0,1.059999942779541,91.379305,0.10000000149011612,8.62069,0,0.0,8.62069,0,0,2025
272,Tanuhi - Hulu Banyu,Loksado,0.66,1.5,0,0,0.6600000038743019,0,0,0,0.0,0.20000000298023224,30.303031,0.4000000059604645,60.606062,0.05999999865889549,9.090909,69.69697,0,0,2025
273,Hulu Banyu - Datar Mangkung - Tumingki,Loksado,7,1.5,0,0,7,0,0,0,0.0,4.699999809265137,67.142854,1.899999976158142,27.142857,0.4000000059604645,5.714286,32.857143,0,0,2025
274,Lambuk - Ds. Tumingki,Loksado,0.67,2,0,0,0.6700000166893005,0,0,0,0.0,0,0.0,0.6700000166893005,100.000002,0,0.0,100.000002,0,0,2025
275,Malaris - Loapanggang,Loksado,1.58,1.5,0,0,1.5800000429153442,0,0,0,0.0,0.10000000149011612,6.329114,1.4800000190734863,93.670887,0,0.0,93.670887,0,0,2025
276,Jl. Haratai 3 (Balai Kedayang) / SDN Haratai 3,Loksado,5.25,2,0,0,5.25,0,0,1.0499999523162842,19.999999,1.7999999523162842,34.285713,1.7000000476837158,32.380953,0.699999988079071,13.333333,45.714286,0,0,2025
277,Jl. Haratai 2 (Balai Ujung Atas) SDN Haratai2,Loksado,2.7,2,0,0,2.5,0.20000000298023224,0,0,0.0,2.0999999046325684,77.777774,0.20000000298023224,7.407408,0.4000000059604645,14.814815,22.222223,0,0,2025
278,Jl. Bubuih (Ds. Halunuk) - Kandihin,Loksado,2.93,2,0,0,2.930000066757202,0,0,0,0.0,0,0.0,2.2300000190734863,76.109216,0.699999988079071,23.890785,100.0,0,0,2025
279,Jl. Makam Habib - Desa Lumpangi,Loksado,0.38,1.5,0,0,0.3799999952316284,0,0,0,0.0,0.3799999952316284,99.999999,0,0.0,0,0.0,0.0,0,0,2025
280,Jl. Datar Belimbing - Muara Kitar,Loksado,4.86,1.5,0,0,3.059999942779541,0,1.7999999523162842,0,0.0,2.759999990463257,56.790123,0.30000001192092896,6.17284,1.7999999523162842,37.037036,43.209876,0,0,2025
281,Jl. Tanginau - Balai Haruyan,Loksado,1.16,1.5,0,0,1.159999966621399,0,0,0,0.0,0.36000001430511475,31.034484,0.800000011920929,68.965518,0,0.0,68.965518,0,0,2025
282,Jl. Tataian - (Ds. Ulang) - Loksado,Loksado,0.4,1.5,0,0,0.4000000059604645,0,0,0,0.0,0.30000001192092896,75.000003,0,0.0,0.10000000149011612,25.0,25.0,0,0,2025
283,Jl. Ulang - Kacang Parang,Loksado,1.75,2,0,0,1.75,0,0,0,0.0,0.699999988079071,39.999999,0.800000011920929,45.714286,0.25,14.285714,60.000001,0,0,2025
284,Jl. Kacang Parang (Ulang) - Balai Mawak-Kias,Loksado,2.08,1.5,0,0,2.0799999237060547,0,0,0,0.0,1.1799999475479126,56.730767,0.800000011920929,38.461539,0.10000000149011612,4.807692,43.269231,0,0,2025
285,Jl. Kacang Parang (Ulang) - Balai Wariung,Loksado,0.83,1.5,0,0,0.8299999833106995,0,0,0,0.0,0.8299999833106995,99.999998,0,0.0,0,0.0,0.0,0,0,2025
286,Jl. Loksado - Pantai Dusin,Loksado,2.27,1.5,0,0,2.2699999809265137,0,0,0,0.0,2.2699999809265137,99.999999,0,0.0,0,0.0,0.0,0,0,2025
287,Jl. Malinau - Kandihin,Loksado,4.16,1.5,0,0,1.2000000476837158,0,2.9600000381469727,0,0.0,0.20000000298023224,4.807692,0.699999988079071,16.826923,3.2600000500679016,78.365386,95.192309,0,0,2025
288,Jl. Ulang - Bangkaun,Loksado,3.56,1.5,0,0,3.559999942779541,0,0,0,0.0,1.3600000143051147,38.202248,0,0.0,2.200000047683716,61.797754,61.797754,0,0,2025
289,Bayanan - Habirau Tengah,Daha Selatan,2.86,3.5,2.859999895095825,0,0,0,0,0.20000000298023224,6.993007,1.2999999523162842,45.454544,0.30000001192092896,10.489511,1.059999942779541,37.062935,47.552446,0,0,2025
290,Tumbukan Banyu - Banua Hanyar,Daha Selatan,5,3.5,5,0,0,0,0,5,100.0,0,0.0,0,0.0,0,0.0,0.0,0,0,2025
291,Jl. Satria ,Daha Selatan,0.37,3,0.3700000047683716,0,0,0,0,0.3700000047683716,100.000001,0,0.0,0,0.0,0,0.0,0.0,0,0,2025
292,Jl. Musyawarah,Daha Selatan,0.41,3.5,0.4099999964237213,0,0,0,0,0.4099999964237213,99.999999,0,0.0,0,0.0,0,0.0,0.0,0,0,2025
293,Jl. Sekolah Islam,Daha Selatan,0.4,3.5,0.4000000059604645,0,0,0,0,0.4000000059604645,100.000001,0,0.0,0,0.0,0,0.0,0.0,0,0,2025
294,Jl. Habib,Daha Selatan,0.32,3,0.3199999928474426,0,0,0,0,0.3199999928474426,99.999998,0,0.0,0,0.0,0,0.0,0.0,0,0,2025
295,Jl. Mawar,Daha Selatan,0.27,3.5,0.27000001072883606,0,0,0,0,0,0.0,0,0.0,0.27000001072883606,100.000004,0,0.0,100.000004,0,0,2025
296,Jl. Inst. PDAM Negara,Daha Selatan,0.26,3.5,0.25999999046325684,0,0,0,0,0,0.0,0.1599999964237213,61.53846,0.10000000149011612,38.461539,0,0.0,38.461539,0,0,2025
297,Jl. Gerilya / (Depan PUSTU Habirau),Daha Selatan,0.24,3.5,0.23999999463558197,0,0,0,0,0,0.0,0,0.0,0,0.0,0.23999999463558197,99.999998,99.999998,0,0,2025
298,Jl. Harapan (SDN Habirau II)/ Sei. Palangan,Daha Selatan,0.21,3,0.20999999344348907,0,0,0,0,0,0.0,0,0.0,0.20999999344348907,99.999997,0,0.0,99.999997,0,0,2025
299,Samuda - Bajayau,Daha Selatan - Daha Barat,8.5,3.5,8.5,0,0,0,0,5,58.823529,0.699999988079071,8.235294,0.699999988079071,8.235294,2.0999999046325684,24.705881,32.941175,0,0,2025
300,Jl. Tambangan - Ds. Baruh Jaya,Daha Selatan - Daha Utara,2.23,3,0.10000000149011612,0,1.0299999713897705,0.20000000298023224,0.8999999761581421,0,0.0,0,0.0,0.6299999952316284,28.251121,1.600000023841858,71.74888,100.000001,0,0,2025
301,Muning Tengah - Batang Alai (Pihanin Raya),Daha Selatan,5.26,3,0,0,0,0.30000001192092896,4.960000038146973,0,0.0,0,0.0,0,0.0,5.260000228881836,100.000004,100.000004,0,0,2025
302,Muning Tengah - Ds. Muning Dalam,Daha Selatan,17.11,3,0,0,0,0,17.110000610351562,0,0.0,0,0.0,0,0.0,17.110000610351562,100.000004,100.000004,0,0,2025
303,SP.4 Banjarbaru - Pasar Negara,Daha Selatan,0.66,3.5,0.6600000262260437,0,0,0,0,0,0.0,0.5600000023841858,84.848485,0.10000000149011612,15.151515,0,0.0,15.151515,0,0,2025
304,Negara - Tumbukan Banyu,Daha Selatan,0.53,5,0.5299999713897705,0,0,0,0,0.12999999523162842,24.528301,0.30000001192092896,56.603776,0.10000000149011612,18.867925,0,0.0,18.867925,0,0,2025
305,SP.4. Banjarbaru - Pihanin Raya,Daha Selatan,1.04,4,1.0399999618530273,0,0,0,0,1.0399999618530273,99.999996,0,0.0,0,0.0,0,0.0,0.0,0,0,2025
306,Bayanan - Pihanin,Daha Selatan,2.21,3.5,2,0,0,0,0.20999999344348907,0.6000000238418579,27.149322,0.4000000059604645,18.099548,0.6000000238418579,27.149322,0.6099999994039536,27.60181,54.751132,0,0,2025
307,Jl. Kantor Camat Daha Selatan II,Daha Selatan,0.32,4,0.3199999928474426,0,0,0,0,0,0.0,0.3199999928474426,99.999998,0,0.0,0,0.0,0.0,0,0,2025
308,Jl. Sungai Bugundi,Daha Selatan,0.31,3,0,0,0.3100000023841858,0,0,0,0.0,0,0.0,0.3100000023841858,100.000001,0,0.0,100.000001,0,0,2025
309,Jl. Tukang Garit (Tambangan),Daha Selatan,0.48,3,0,0,0,0.47999998927116394,0,0,0.0,0,0.0,0,0.0,0.47999998927116394,99.999998,99.999998,0,0,2025
310,Pandak Daun - Baruh Jaya - Samuda,Daha Utara - Daha Selatan,7.33,3.5,7.329999923706055,0,0,0,0,0.20000000298023224,2.728513,5.099999904632568,69.577079,1.5299999713897705,20.873124,0.5,6.821282,27.694406,0,0,2025
311,Sei. Mandala Murung Raya,Daha Utara,2.1,3.5,2.0999999046325684,0,0,0,0,0.10000000149011612,4.761905,0.30000001192092896,14.285715,1,47.619048,0.699999988079071,33.333333,80.95238,0,0,2025
312,Jl. Teluk Haur I,Daha Utara,0.18,3,0.18000000715255737,0,0,0,0,0,0.0,0,0.0,0,0.0,0.18000000715255737,100.000004,100.000004,0,0,2025
313,Jl. Teluk Haur II,Daha Utara,0.21,3,0.10000000149011612,0,0,0.10999999940395355,0,0,0.0,0,0.0,0,0.0,0.21000000089406967,100.0,100.0,0,0,2025
314,Jl. H.M. Thaib,Daha Utara,0.35,3,0.3499999940395355,0,0,0,0,0,0.0,0.15000000596046448,42.857145,0.10000000149011612,28.571429,0.10000000149011612,28.571429,57.142858,0,0,2025
315,Jl. Kenanga - Ds. Baruh Kambang,Daha Utara,0.31,3,0.3100000023841858,0,0,0,0,0.20000000298023224,64.51613,0,0.0,0,0.0,0.10999999940395355,35.483871,35.483871,0,0,2025
316,Jl. SMAN Negara (KH. Abdullah),Daha Utara,0.34,3.5,0.3400000035762787,0,0,0,0,0.3400000035762787,100.000001,0,0.0,0,0.0,0,0.0,0.0,0,0,2025
317,Jl. Pertukangan,Daha Utara,0.32,3,0.3199999928474426,0,0,0,0,0.3199999928474426,99.999998,0,0.0,0,0.0,0,0.0,0.0,0,0,2025
318,Jl. Silaturrahim,Daha Utara,0.28,3,0.2800000011920929,0,0,0,0,0.2800000011920929,100.0,0,0.0,0,0.0,0,0.0,0.0,0,0,2025
319,Jl. Habib Ibrahim - Ds. Sei Mandala,Daha Utara,0.17,3,0.17000000178813934,0,0,0,0,0.17000000178813934,100.000001,0,0.0,0,0.0,0,0.0,0.0,0,0,2025
320,Jl. Sukaramai - Keramat,Daha Utara,0.73,3,0.7300000190734863,0,0,0,0,0.7300000190734863,100.000003,0,0.0,0,0.0,0,0.0,0.0,0,0,2025
321,Jl. Pakan Dalam I,Daha Utara,0.32,3.5,0.3199999928474426,0,0,0,0,0,0.0,0.3199999928474426,99.999998,0,0.0,0,0.0,0.0,0,0,2025
322,Jl. Pakan Dalam II,Daha Utara,0.29,3.5,0.28999999165534973,0,0,0,0,0,0.0,0.28999999165534973,99.999997,0,0.0,0,0.0,0.0,0,0,2025
323,Jl. Pakan Dalam III,Daha Utara,0.28,3.5,0.2800000011920929,0,0,0,0,0,0.0,0.2800000011920929,100.0,0,0.0,0,0.0,0.0,0,0,2025
324,Jl. Paramaian,Daha Utara,0.3,3,0.20000000298023224,0,0,0.10000000149011612,0,0,0.0,0,0.0,0,0.0,0.30000000447034836,100.000001,100.000001,0,0,2025
325,Jl. MIN Pandak Daun,Daha Utara,0.3,3,0.10000000149011612,0,0,0.20000000298023224,0,0,0.0,0.10000000149011612,33.333334,0,0.0,0.20000000298023224,66.666668,66.666668,0,0,2025
326,Jl. Pesantren Muradiyah,Daha Utara,0.27,3,0.27000001072883606,0,0,0,0,0,0.0,0.27000001072883606,100.000004,0,0.0,0,0.0,0.0,0,0,2025
327,Pandak Daun (Buntut Muradiyah) - Pakan Dalam,Daha Utara,1.65,3.5,0,0,0,0,1.649999976158142,0,0.0,0,0.0,0,0.0,1.649999976158142,99.999999,99.999999,0,0,2025
328,Pakan Dalam - Kaminting Batu,Daha Utara,1.82,3,1.5,0,0.3199999928474426,0,0,0.20000000298023224,10.989011,0.800000011920929,43.956045,0.2199999988079071,12.087912,0.6000000238418579,32.967034,45.054946,0,0,2025
329,Jl. Samping Kantor Camat Daha Utara,Daha Utara,0.15,3.5,0.15000000596046448,0,0,0,0,0,0.0,0.15000000596046448,100.000004,0,0.0,0,0.0,0.0,0,0,2025
330,Jl. Gang Bidan (Ds. Tambak Bitin),Daha Utara,0.57,3,0,0,0.5700000077486038,0,0,0.5699999928474426,99.999999,0,0.0,0,0.0,0,0.0,0.0,0,0,2025
331,Jl. Cangkingan Herman,Daha Utara,0.32,3,0.3199999928474426,0,0,0,0,0,0.0,0.20000000298023224,62.500001,0.10000000149011612,31.25,0.019999999552965164,6.25,37.5,0,0,2025
332,Jl. Kampung Kawat,Daha Utara,0.33,3,0.33000001311302185,0,0,0,0,0,0.0,0,0.0,0,0.0,0.33000001311302185,100.000004,100.000004,0,0,2025
333,Jl. Kaminting Batu,Daha Utara,0.35,3,0.3499999940395355,0,0,0,0,0,0.0,0,0.0,0,0.0,0.3499999940395355,99.999998,99.999998,0,0,2025
334,Jl. Hamayung - Hakurung Dalam,Daha Utara,4.1,3,0,0,2.4000000953674316,0,1.7000000476837158,0,0.0,0.10000000149011612,2.439024,1.399999976158142,34.146341,2.600000023841858,63.414635,97.560976,0,0,2025
335,Simpang Jadi Makmur - Ds. Samuda,Daha Utara,0.66,2,0,0,0.6600000262260437,0,0,0,0.0,0.6600000262260437,100.000004,0,0.0,0,0.0,0.0,0,0,2025
336,Jl. Sakincung - Ds. Hakurung Dalam,Daha Utara,1.34,2,0,0,1.0399999618530273,0,0.30000001192092896,0,0.0,0.3400000035762787,25.373135,0.6000000238418579,44.776121,0.4000000134110451,29.850747,74.626868,0,0,2025
337,Jl. Hakurung Dalam - Ds. Sungai Haji,Daha Utara,0.57,3,0,0,0.5699999928474426,0,0,0,0.0,0.27000001072883606,47.368423,0.10000000149011612,17.54386,0.20000000298023224,35.08772,52.63158,0,0,2025
338,Jl. Siang Gantung - Ds. Baru,Daha Barat,6.93,3.609999895095825,3.5999999046325684,0,1.9299999475479126,1.399999976158142,0,0,0.0,1.9299999475479126,27.849927,0.6000000238418579,8.658009,4.399999976158142,63.492063,72.150072,0,0,2025
339,Jl. Baru - Ds. Bajayau,Daha Barat,2.33,4,0,0,0,0,2.3299999237060547,0,0.0,0,0.0,0,0.0,2.3299999237060547,99.999997,99.999997,0,0,2025
340,Jl. Bajayau - Ds. Bajayau Tengah,Daha Barat,7.58,3.5,3,0,0,0,4.579999923706055,2.0999999046325684,27.704484,0.4000000059604645,5.277045,0.10000000149011612,1.319261,4.979999929666519,65.699208,67.018469,0,0,2025
341,Jl. Banua Hanyar - Ds. Tanjung Selor,Daha Barat,5.61,3,0,0,0,0,5.610000133514404,0,0.0,0,0.0,0,0.0,5.610000133514404,100.000002,100.000002,0,0,2025
342,Jl. Tanjung Selor - Ds. Badaun,Daha Barat,8.03,3,0,0,0,0,8.029999732971191,0,0.0,0,0.0,0,0.0,8.029999732971191,99.999997,99.999997,0,0,2025
343,Jl. Badaun - Ds. Bjayau Lama,Daha Barat,3.1,3,0,0,0,0,3.0999999046325684,0,0.0,0,0.0,0,0.0,3.0999999046325684,99.999997,99.999997,0,0,2025
344,Jl. Goha - Ds. Amawang Kanan,Kandangan,0.7,3.5,0.699999988079071,0,0,0,0,0.699999988079071,99.999998,0,0.0,0,0.0,0,0.0,0.0,0,0,2025
345,Jl. Al - Ikhlas - Ds. Baluti,Kandangan,0.38,3.5,0.3799999952316284,0,0,0,0,0.3799999952316284,99.999999,0,0.0,0,0.0,0,0.0,0.0,0,0,2025
346,Jl. Angkakai - Ds. Amawang Kiri,Kandangan,0.4,3.5,0.4000000059604645,0,0,0,0,0.4000000059604645,100.000001,0,0.0,0,0.0,0,0.0,0.0,0,0,2025
347,Jl. Anjiran Rantauan - Ds. Taniran Tengah,Angkinang,1.21,3.5,0.7099999785423279,0,0,0.5,0,0,0.0,0,0.0,0,0.0,1.2099999785423279,99.999998,99.999998,0,0,2025
348,Jl. Asam Duhat - Ds. Pantai Ulin,Simpur,1.11,3.5,0,0,0,1.1100000143051147,0,0,0.0,0,0.0,0,0.0,1.1100000143051147,100.000001,100.000001,0,0,2025
349,Jl. Pertanian - Ds. Wasah Tengah,Simpur,0.36,3,0.36000001430511475,0,0,0,0,0.10000000149011612,27.777778,0.25999999046325684,72.22222,0,0.0,0,0.0,0.0,0,0,2025
350,Jl. Keramat Sakti - Ds. Tebing Tinggi,Simpur,0.69,3,0.6000000238418579,0,0,0,0.09000000357627869,0.20000000298023224,28.985508,0.4000000059604645,57.971015,0,0.0,0.09000000357627869,13.043479,13.043479,0,0,2025
