no_ruas_digit_1,no_ruas_digit_2,no_ruas_digit_3,nama_ruas_raw,kecamatan_dilalui,panjang_ruas_km,lebar_ruas_m,perkerasan_hotmix_km,perkerasan_lapen_makadam_km,perkerasan_beton_km,perkerasan_telford_kerikil_km,perkerasan_tanah_belum_tembus_km,kondisi_baik_km,kondisi_baik_pct_decimal,kondisi_sedang_km,kondisi_sedang_pct_decimal,kondisi_rusak_ringan_km,kondisi_rusak_ringan_pct_decimal,kondisi_rusak_berat_km,kondisi_rusak_berat_pct_decimal,lhr,akses_npk,keterangan_tahun,extra_24,no_ruas
0,0,1,Jl. Pangeran Antasari - Loklua,Kandangan,0.56,12,0.5600000023841858,0,0,0,0,0,0,0.36000001430511475,0.6428571684019906,0.20000000298023224,0.3571428624647004,0,0,0,0,2025,,001
0,0,2,Jl. Soeprapto - Jl. H.M Rusli,Kandangan,0.52,6,0.5199999809265137,0,0,0,0,0,0,0.5199999809265137,0.9999999633202186,0,0,0,0,0,0,2025,,002
0,0,3,Jl. Pasar Kandangan - Oprit Jembt. Loklua,Kandangan,0.28,6,0,0,0.2800000011920929,0,0,0.2800000011920929,1.0000000042574746,0,0,0,0,0,0,0,0,2025,,003
0,0,4,Jl. Soetoyo - Teluk Mesjid,Kandangan,0.26,5,0.25999999046325684,0,0,0,0,0.25999999046325684,0.9999999633202186,0,0,0,0,0,0,0,0,2025,,004
0,0,5,Jl. Teluk Mesjid - Sp. 4 Muara Banta,Kandangan,1.43,5,1.4299999475479126,0,0,0,0,0,0,1.2300000190734863,0.8601398734779625,0.20000000298023224,0.13986014194421836,0,0,0,0,2025,,005
0,0,6,Jl. Merah Johansyah - Jl. Melati,Kandangan,0.82,6,0.8199999928474426,0,0,0,0,0.8199999928474426,0.9999999912773692,0,0,0,0,0,0,0,0,2025,,006
0,0,7,Jl. Menuju Stadion 2 Desember,Kandangan,0.29,12,0.28999999165534973,0,0,0,0,0,0,0.28999999165534973,0.999999971225344,0,0,0,0,0,0,2025,,007
0,0,8,Jl. Aluh Idut,Kandangan,1.34,5,1.340000033378601,0,0,0,0,0.5,0.3731343283582089,0.8399999737739563,0.6268656520701166,0,0,0,0,0,0,2025,,008
0,0,9,Jl. Panglima Batur,Kandangan,1.09,5,1.090000033378601,0,0,0,0,0.800000011920929,0.7339449650650723,0.28999999165534973,0.26605503821591714,0,0,0,0,0,0,2025,,009
0,1,0,Jl. Nusa Indah,Kandangan,0.38,5,0.3799999952316284,0,0,0,0,0.20000000298023224,0.5263157973164007,0.18000000715255737,0.4736842293488352,0,0,0,0,0,0,2025,,010
0,1,1,Jl. Anggrek,Kandangan,0.23,3,0.23000000417232513,0,0,0,0,0.23000000417232513,1.000000018140544,0,0,0,0,0,0,0,0,2025,,011
0,1,2,Jl. Kenanga,Kandangan,0.23,3,0.23000000417232513,0,0,0,0,0.23000000417232513,1.000000018140544,0,0,0,0,0,0,0,0,2025,,012
0,1,3,Jl. Mawar,Kandangan,0.23,7,0.23000000417232513,0,0,0,0,0,0,0.23000000417232513,1.000000018140544,0,0,0,0,0,0,2025,,013
0,1,4,Jl. Kamboja,Kandangan,0.21,4,0.20999999344348907,0,0,0,0,0,0,0.20999999344348907,0.9999999687785195,0,0,0,0,0,0,2025,,014
0,1,5,Jl. Dahlia,Kandangan,0.18,3,0.18000000715255737,0,0,0,0,0,0,0,0,0.10000000149011612,0.5555555638339784,0.07999999821186066,0.444444434510337,0,0,2025,,015
0,1,6,Jl. KS. Tubun,Kandangan,0.96,3,0.9599999785423279,0,0,0,0,0.1599999964237213,0.1666666629413764,0.30000001192092896,0.31250001241763437,0.5,0.5208333333333334,0,0,0,0,2025,,016
0,1,7,Jl. Pemuda,Kandangan,0.26,6,0.25999999046325684,0,0,0,0,0.25999999046325684,0.9999999633202186,0,0,0,0,0,0,0,0,2025,,017
0,1,8,Jl. Parindra,Kandangan,0.28,6,0.2800000011920929,0,0,0,0,0.18000000715255737,0.6428571684019906,0.10000000149011612,0.3571428624647004,0,0,0,0,0,0,2025,,018
0,1,9,Jl. Wahab Syahrani,Kandangan,0.12,6,0.11999999731779099,0,0,0,0,0,0,0.11999999731779099,0.9999999776482582,0,0,0,0,0,0,2025,,019
0,2,0,Jl. Musyawarah,Kandangan,0.32,6,0.3199999928474426,0,0,0,0,0.10000000149011612,0.3125000046566129,0.2199999988079071,0.6874999962747097,0,0,0,0,0,0,2025,,020
0,2,1,Jl. Sekolah Islam,Kandangan,0.2,6,0.20000000298023224,0,0,0,0,0.20000000298023224,1.0000000149011612,0,0,0,0,0,0,0,0,2025,,021
0,2,2,Jl. Rahmah Bahran,Kandangan,0.22,4,0.2199999988079071,0,0,0,0,0,0,0.2199999988079071,0.9999999945813959,0,0,0,0,0,0,2025,,022
0,2,3,Jl. Brigjen Katamso,Kandangan,0.35,3.5,0.3499999940395355,0,0,0,0,0,0,0.3499999940395355,0.9999999829701015,0,0,0,0,0,0,2025,,023
0,2,4,Jl. Kolonel Sugiono,Kandangan,0.22,3,0.2199999988079071,0,0,0,0,0.2199999988079071,0.9999999945813959,0,0,0,0,0,0,0,0,2025,,024
0,2,5,Singakarsa - Palas,Kandangan,5.32,4,5.320000171661377,0,0,0,0,1.100000023841858,0.2067669217747853,1.7000000476837158,0.31954888114355556,1.3200000524520874,0.2481203106112946,1.2000000476837158,0.22556391873754056,0,0,2025,,025
0,2,6,Singakarsa - Getek,Kandangan,0.2,4,0.20000000298023224,0,0,0,0,0,0,0.20000000298023224,1.0000000149011612,0,0,0,0,0,0,2025,,026
0,2,7,Parincahan - Singakarsa (Jl. Harapan),Kandangan,0.66,3.5,0.6600000262260437,0,0,0,0,0,0,0.6600000262260437,1.0000000397364297,0,0,0,0,0,0,2025,,027
0,2,8,Budi Bakti - Tiga Desember,Kandangan,0.81,5,0.8100000023841858,0,0,0,0,0,0,0.8100000023841858,1.0000000029434393,0,0,0,0,0,0,2025,,028
0,2,9,Jl. Jafri Zamzam,Kandangan,1.07,3.0299999713897705,1.0700000524520874,0,0,0,0,0,0,0.6700000166893005,0.6261682398965425,0.20000000298023224,0.18691589063573105,0.20000000298023224,0.18691589063573105,0,0,2025,,029
0,3,0,Sungai Damang - Amawang Kiri,Kandangan,2.51,3.5,2.509999990463257,0,0,0,0,0.6000000238418579,0.2390438341999434,1.7100000381469727,0.6812749155964035,0.20000000298023224,0.07968127608774193,0,0,0,0,2025,,030
0,3,1,Amawang Muka - Getek,Kandangan,5.41,3.5,5.409999847412109,0,0,0,0,4.5,0.8317929759704251,0.4099999964237213,0.07578558159403351,0.5,0.09242144177449169,0,0,0,0,2025,,031
0,3,2,Amawang Kanan - Wasah Hulu,Kandangan,3.17,3.5,3.1700000762939453,0,0,0,0,0,0,2.4700000286102295,0.779179819750861,0.699999988079071,0.22082018551390253,0,0,0,0,2025,,032
0,3,3,Jl. DI. Panjaitan - Loklua,Kandangan,0.41,4.5,0.4099999964237213,0,0,0,0,0,0,0.4099999964237213,0.9999999912773692,0,0,0,0,0,0,2025,,033
0,3,4,Jl. Jend. Sudirman,Kandangan,2.44,8,2.440000057220459,0,0,0,0,0,0,2.440000057220459,1.0000000234510078,0,0,0,0,0,0,2025,,034
0,3,5,Jl. AES Nasution,Kandangan,0.24,3.5,0.23999999463558197,0,0,0,0,0.23999999463558197,0.9999999776482582,0,0,0,0,0,0,0,0,2025,,035
0,3,6,Tembok Lama - Loklua,Kandangan,0.84,3,0.8399999737739563,0,0,0,0,0,0,0.4399999976158142,0.5238095209712074,0.30000001192092896,0.3571428713344392,0.10000000149011612,0.11904762082156681,0,0,2025,,036
0,3,7,Jl. Kesehatan - Komp. Rmh Dokter,Kandangan,0.28,3.5,0.2800000011920929,0,0,0,0,0.2800000011920929,1.0000000042574746,0,0,0,0,0,0,0,0,2025,,037
0,3,8,Jl. Samping Bappeda - Mesjid Darul Halik,Kandangan,0.19,3.5,0.1899999976158142,0,0,0,0,0,0,0,0,0.1899999976158142,0.9999999874516537,0,0,0,0,2025,,038
0,3,9,Jl.  Bina Bakat,Kandangan,0.24,3,0.23999999463558197,0,0,0,0,0.23999999463558197,0.9999999776482582,0,0,0,0,0,0,0,0,2025,,039
0,4,0,Baluti - Jambu Hulu (Paku),Kandangan - Padang Batung,4.07,3.5,4.070000171661377,0,0,0,0,0.5,0.12285012285012284,1.7999999523162842,0.44226043054454156,1.2699999809265137,0.31203930735295177,0.5,0.12285012285012284,0,0,2025,,040
0,4,1,Sp. 3 Baluti - Amawang,Kandangan,1.57,3,1.5700000524520874,0,0,0,0,0.4000000059604645,0.25477707386016846,1.0700000524520874,0.681528695829355,0.10000000149011612,0.06369426846504211,0,0,0,0,2025,,041
0,4,2,Sei Kupang Utara - Simp. Empat Lungau,Kandangan,2.36,3.5,2.299999952316284,0,0.05999999865889549,0,0,1.5,0.6355932203389831,0.8600000143051147,0.3644067857225063,0,0,0,0,0,0,2025,,042
0,4,3,Sp. Empat Lungau - Bangkau,Kandangan,8.1,3,2.200000047683716,0,0,0,5.900000095367432,0,0,2.200000047683716,0.27160494415848346,0,0,5.900000095367432,0.728395073502152,0,0,2025,,043
0,4,4,Sp. Empat Lungau - Garis,Kandangan,8.19,3,1.600000023841858,0,0,1.399999976158142,5.190000057220459,0,0,1.600000023841858,0.19536019827128914,0,0,6.590000152587891,0.8046398232708047,0,0,2025,,044
0,4,5,Gambir - Sp. Empat Lungau,Kandangan,2.95,3,1.5,0,0,0.699999988079071,0.75,0,0,1.5,0.5084745762711864,0,0,1.4500000476837158,0.491525439892785,0,0,2025,,045
0,4,6,Bariang - Getek,Kandangan,1.24,3,1.2400000095367432,0,0,0,0,0,0,0.4000000059604645,0.32258064996811653,0.8399999737739563,0.6774193336886745,0,0,0,0,2025,,046
0,4,7,Muara Banta - Karang Jawa,Kandangan - Padang Batung,1.59,3,1.590000033378601,0,0,0,0,0,0,1.590000033378601,1.0000000209928308,0,0,0,0,0,0,2025,,047
0,4,8,Sungai Paring - Sei Hanyar Pantai Ulin,Kandangan - Simpur,5.85,3,5.050000190734863,0,0,0.800000011920929,0,0,0,1.399999976158142,0.23931623524070805,2.299999952316284,0.39316238501133066,2.150000035762787,0.3675213736346644,0,0,2025,,048
0,4,9,Kandangan Hulu - Sp. Tabihi,Kandangan - Padang Batung,1.25,3.5,1.25,0,0,0,0,0.3499999940395355,0.27999999523162844,0.8999999761581421,0.7199999809265136,0,0,0,0,0,0,2025,,049
0,5,0,Banyu Barau - Sei Kalang,Kandangan,2.1,3,2.0999999046325684,0,0,0,0,0.8999999761581421,0.4285714172181629,1.2000000476837158,0.5714285941351027,0,0,0,0,0,0,2025,,050
0,5,1,Tibung Raya - Asam Cangkuk,Kandangan,0.86,3,0.8600000143051147,0,0,0,0,0.8600000143051147,1.0000000166338543,0,0,0,0,0,0,0,0,2025,,051
0,5,2,Gambah Dalam - Rantauan,Kandangan,1.52,3,1.5199999809265137,0,0,0,0,0,0,1.0199999809265137,0.6710526190306011,0.5,0.32894736842105265,0,0,0,0,2025,,052
0,5,3,Gambah Luar - Gambah Dalam,Kandangan,1.29,3,1.2899999618530273,0,0,0,0,0,0,0.9900000095367432,0.7674418678579404,0.30000001192092896,0.2325581487759139,0,0,0,0,2025,,053
0,5,4,Pegangsaan Timur - Teluk Aman,Kandangan,1.05,3,1.0499999523162842,0,0,0,0,0,0,0.75,0.7142857142857143,0.30000001192092896,0.28571429706755136,0,0,0,0,2025,,054
0,5,5,Gambah Luar - Sungai Kudung,Kandangan,0.89,3.5,0.8899999856948853,0,0,0,0,0,0,0.38999998569488525,0.4382022311178486,0.4000000059604645,0.4494382089443421,0.10000000149011612,0.11235955223608553,0,0,2025,,055
0,5,6,Bakarung Tengah - Karang Jawa,Kandangan - Padang Batung,3.77,3.5,3.7699999809265137,0,0,0,0,0,0,3.069999933242798,0.814323589719575,0.699999988079071,0.18567638941089418,0,0,0,0,2025,,056
0,5,7,Jl. Papagaran/Palangsatan,Kandangan - Simpur,1,3,1,0,0,0,0,0,0,0.30000001192092896,0.30000001192092896,0.699999988079071,0.699999988079071,0,0,0,0,2025,,057
0,5,8,Jl. Tembok Kacil. Sei. Kudung,Kandangan - Padang Batung,0.37,3,0.3700000047683716,0,0,0,0,0,0,0.30000001192092896,0.8108108430295378,0.07000000029802322,0.18918918999465736,0,0,0,0,2025,,058
0,5,9,Jl. Mesjid Quba,Kandangan,0.21,3.5,0.20999999344348907,0,0,0,0,0,0,0.20999999344348907,0.9999999687785195,0,0,0,0,0,0,2025,,059
0,6,0,Jl. Sungai Karuh ,Kandangan,1.96,3,1.9600000381469727,0,0,0,0,0,0,1.9600000381469727,1.0000000194627412,0,0,0,0,0,0,2025,,060
0,6,1,Rambai - Bariang,Kandangan,1.21,3,1.2100000381469727,0,0,0,0,0,0,0.6000000238418579,0.49586778829905614,0.20000000298023224,0.16528925866134897,0.4099999964237213,0.33884297225100934,0,0,2025,,061
0,6,2,Jangkang - Pantai Ulin,Kandangan,1.69,3,1.100000023841858,0,0,0.5899999737739563,0,1,0.591715976331361,0,0,0.10000000149011612,0.05917159851486161,0.5899999737739563,0.34911241051713393,0,0,2025,,062
0,6,3,Jl. Padang Palas,Kandangan,0.68,3,0.6800000071525574,0,0,0,0,0,0,0.47999998927116394,0.7058823371634764,0.20000000298023224,0.29411765144151797,0,0,0,0,2025,,063
0,6,4,Tibung Dalam - Teratai,Kandangan - Sungai Raya,0.52,3,0.5199999809265137,0,0,0,0,0,0,0.41999998688697815,0.807692282474958,0.10000000149011612,0.19230769517330024,0,0,0,0,2025,,064
0,6,5,Jl. Kalaka Indah - Perumnas Tibung,Kandangan,0.41,3.5,0.4099999964237213,0,0,0,0,0,0,0.4099999964237213,0.9999999912773692,0,0,0,0,0,0,2025,,065
0,6,6,Jl. Teratai Menuju Komplek Perumnas Hamalau,Kandangan - Sungai Raya,0.41,3,0.4099999964237213,0,0,0,0,0.10000000149011612,0.24390244265881983,0.3100000023841858,0.7560975667906971,0,0,0,0,0,0,2025,,066
0,6,7,Teluk Pinang - Baluti,Kandangan,1.64,3.5,1.6399999856948853,0,0,0,0,0,0,1.6399999856948853,0.9999999912773692,0,0,0,0,0,0,2025,,067
0,6,8,Tibung Raya - Hamalau Dalam,Kandangan,0.91,3.5,0.9100000262260437,0,0,0,0,0.20000000298023224,0.21978022305520026,0.6000000238418579,0.6593406855405032,0.10999999940395355,0.12087912022412478,0,0,0,0,2025,,068
0,6,9,Jl. Baiturrahim Parincahan,Kandangan,1.42,3,1.2000000476837158,0,0,0.2199999988079071,0,0,0,0.30000001192092896,0.21126761402882321,0.30000001192092896,0.21126761402882321,0.820000022649765,0.5774648046829332,0,0,2025,,069
0,7,0,Jl. Newangsekarti - Ds. Gambah Luar Muka,Kandangan,0.29,3,0.28999999165534973,0,0,0,0,0.28999999165534973,0.999999971225344,0,0,0,0,0,0,0,0,2025,,070
0,7,1,Jl. Tembok Baru (Asam Cangkok),Kandangan,0.5,3,0.5,0,0,0,0,0,0,0.4000000059604645,0.800000011920929,0.10000000149011612,0.20000000298023224,0,0,0,0,2025,,071
0,7,2,Sungai Paring - Toba,Kandangan - Simpur,0.84,3,0.8399999737739563,0,0,0,0,0,0,0.30000001192092896,0.3571428713344392,0.5400000214576721,0.6428571684019906,0,0,0,0,2025,,072
0,7,3,Jl. Tembok Baru - Ds. Baluti,Kandangan,0.14,3,0.14000000059604645,0,0,0,0,0,0,0.03999999910593033,0.28571427932807375,0.10000000149011612,0.7142857249294008,0,0,0,0,2025,,073
0,7,4,Jl. H. Jarkasi - Ds. Sungai Paring,Kandangan,0.12,3,0.11999999731779099,0,0,0,0,0,0,0.10000000149011612,0.8333333457509677,0.019999999552965164,0.1666666629413764,0,0,0,0,2025,,074
0,7,5,Bariang - Patigan,Kandangan,1.63,3,1.6299999952316284,0,0,0,0,0.6000000238418579,0.3680981741361092,1.0299999713897705,0.6319018229385096,0,0,0,0,0,0,2025,,075
0,7,6,Gambah Dalam Barat - Mahulung,Kandangan - Angkinang,1.92,3,1.9199999570846558,0,0,0,0,0.11999999731779099,0.06249999860301614,1.7999999523162842,0.9374999751647314,0,0,0,0,0,0,2025,,076
0,7,7,Jl. Suriangpati - Gambah Dalam Barat,Kandangan,2.82,3,0.800000011920929,0,0,2.0199999809265137,0,0.10000000149011612,0.03546099343621139,0.10000000149011612,0.03546099343621139,0.5,0.1773049645390071,2.11999998241663,0.7517730434101525,0,0,2025,,077
0,7,8,Jl. Menuju SMP 7 - Ds. Gambah Dalam,Kandangan,1,3,1,0,0,0,0,0,0,0.4000000059604645,0.4000000059604645,0.6000000238418579,0.6000000238418579,0,0,0,0,2025,,078
0,7,9,Telaga Banta - Patigan,Kandangan,0.64,3,0.6399999856948853,0,0,0,0,0.6399999856948853,0.9999999776482582,0,0,0,0,0,0,0,0,2025,,079
0,8,0,Jl. Nomura ,Kandangan,0.41,3,0.4099999964237213,0,0,0,0,0,0,0.4099999964237213,0.9999999912773692,0,0,0,0,0,0,2025,,080
0,8,1,Jl. Lorong Bupati,Kandangan,0.39,3,0.38999998569488525,0,0,0,0,0.10000000149011612,0.25641026023106694,0.28999999165534973,0.7435897221932044,0,0,0,0,0,0,2025,,081
0,8,2,Jl. Biti - Sungai Kupang (Karya Bakti TNI) ,Kandangan,1.82,3,1.8200000524520874,0,0,0,0,0.5,0.2747252747252747,0.30000001192092896,0.1648351713851258,0.6200000047683716,0.340659343279325,0.4000000059604645,0.21978022305520026,0,0,2025,,082
0,8,3,Jl. Palajau - Ds. Baluti,Kandangan,1.28,3,0,0,0.8799999952316284,0.4000000059604645,0,0.4000000059604645,0.3125000046566129,0,0,0,0,0.8799999952316284,0.6874999962747097,0,0,2025,,083
0,8,4,Jl. RS. Hasan Basry II,Sungai Raya ,0.1,10,0.10000000149011612,0,0,0,0,0,0,0.10000000149011612,1.0000000149011612,0,0,0,0,0,0,2025,,084
0,8,5,Tajun - Sp.3 Muara Paring Agung,Sungai Raya ,4.97,3.5,4.96999979019165,0,0,0,0,4.46999979019165,0.8993963360546581,0.5,0.1006036217303823,0,0,0,0,0,0,2025,,085
0,8,6,Hamalau - Anjiran,Sungai Raya ,0.9,3,0.8999999761581421,0,0,0,0,0,0,0.800000011920929,0.8888889021343654,0.10000000149011612,0.11111111276679568,0,0,0,0,2025,,086
0,8,7,Tanjungan - Sp. 10 Batang Kulur - Sungai Kali,Sungai Raya ,7.3,3,7.300000190734863,0,0,0,0,0,0,7,0.9589041095890412,0.30000001192092896,0.04109589204396287,0,0,0,0,2025,,087
0,8,8,Sungai Raya Selatan - Sarang Halang,Sungai Raya ,2.62,3,2.619999885559082,0,0,0,0,0,0,0.3199999928474426,0.12213740185016894,0.699999988079071,0.26717556796911107,1.600000023841858,0.6106870320007091,0,0,2025,,088
0,8,9,Sp. Batang Kulur Kiri - Tatas,Sungai Raya ,2.37,3,2.369999885559082,0,0,0,0,0,0,0.5699999928474426,0.24050632609596734,1.7999999523162842,0.7594936507663645,0,0,0,0,2025,,089
0,9,0,Taal Batang Kulur - Sp. 3 Muara Prg Agung,Sungai Raya ,4.12,3.5,4.119999885559082,0,0,0,0,0.20000000298023224,0.04854369004374569,2.0999999046325684,0.5097087147166428,1.0199999809265137,0.2475728109044936,0.800000011920929,0.19417476017498275,0,0,2025,,090
0,9,1,Batang Kulur Kanan - Sarangan,Sungai Raya ,2.18,3,2.180000066757202,0,0,0,0,0,0,1.6799999475479126,0.7706421777742718,0.5,0.2293577981651376,0,0,0,0,2025,,091
0,9,2,Bumi Berkat - Mungkur Galah,Sungai Raya ,1.51,3,1.5099999904632568,0,0,0,0,0,0,1.2000000476837158,0.7947020183335867,0.3100000023841858,0.2052980148239641,0,0,0,0,2025,,092
0,9,3,Taal Jarau - Sp. Baru/Tampang,Sungai Raya ,5.65,3,5.650000095367432,0,0,0,0,2.8499999046325684,0.5044247618818705,2.799999952316284,0.4955752127993423,0,0,0,0,0,0,2025,,093
0,9,4,Sungai Raya - Jambu Hulu/Paku,Sungai Raya - Padang Batung,5.17,5,5.170000076293945,0,0,0,0,5.170000076293945,1.0000000147570494,0,0,0,0,0,0,0,0,2025,,094
0,9,5,Sungai Raya Selatan - Malutu - Goa Berangin,Sungai Raya - Padang Batung,6.35,3.619999885559082,6.099999904632568,0,0,0.25,0,0.6000000238418579,0.09448819273100124,3.299999952316284,0.5196850318608321,0.4000000059604645,0.0629921269229078,2.049999952316284,0.32283463816004476,0,0,2025,,095
0,9,6,Sp. 4 Baru/Tampang - Sp. Bilui Pamujaan,Sungai Raya - Simpur,3.77,3,3.7699999809265137,0,0,0,0,0,0,2.569999933242798,0.6816975950246148,1.100000023841858,0.2917771946530127,0.10000000149011612,0.02652519933424831,0,0,2025,,096
0,9,7,Asam Cangkuk - Telaga Bidadari,Sungai Raya ,0.83,2,0.6000000238418579,0,0.23000000417232513,0,0,0.20000000298023224,0.240963859012328,0.029999999329447746,0.03614457750535873,0,0,0.6000000238418579,0.7228915949901903,0,0,2025,,097
0,9,8,Hamalau - Pahampangan,Sungai Raya ,0.78,3.5,0.7799999713897705,0,0,0,0,0.7799999713897705,0.9999999633202186,0,0,0,0,0,0,0,0,2025,,098
0,9,9,Ida Manggala - Padang Makmur,Sungai Raya ,3.69,3.5,2.700000047683716,0,0,0.9900000095367432,0,0,0,0.8999999761581421,0.24390243256318214,1.5,0.4065040650406504,1.2900000214576721,0.34959350175004666,0,0,2025,,099
1,0,0,Simpang Hamalau - Teluk Pinang,Sungai Raya ,0.68,3.5,0.6800000071525574,0,0,0,0,0.07999999821186066,0.11764705619391272,0.4000000059604645,0.5882353028830359,0.10000000149011612,0.14705882572075898,0.10000000149011612,0.14705882572075898,0,0,2025,,100
1,0,1,Teluk Pinang - Pahampangan Utara,Sungai Raya ,2.22,3.5,2.2200000286102295,0,0,0,0,1.600000023841858,0.7207207314602962,0.6200000047683716,0.2792792814271944,0,0,0,0,0,0,2025,,101
1,0,2,Hamalau - Telaga Bidadari - Wasah Hilir,Sungai Raya ,4.94,5,4.940000057220459,0,0,0,0,0.14000000059604645,0.02834008109231709,1.899999976158142,0.38461537978909754,2.5999999046325684,0.526315770168536,0.30000001192092896,0.060728747352414764,0,0,2025,,102
1,0,3,Karasikan - Sarang Halang,Sungai Raya ,1.9,3,1.899999976158142,0,0,0,0,0,0,0.8999999761581421,0.47368419797796957,0.30000001192092896,0.1578947431162784,0.699999988079071,0.36842104635740586,0,0,2025,,103
1,0,4,Tanjungan - Sp. 3 Sakijang,Sungai Raya ,1.59,3,1.590000033378601,0,0,0,0,0,0,0.10000000149011612,0.06289308269818623,0.5,0.31446540880503143,0.9900000095367432,0.6226415154319139,0,0,2025,,104
1,0,5,Sarang Halang Padang - Sp. Batang Kulur,Sungai Raya ,2.11,3,2.109999895095825,0,0,0,0,0.5,0.23696682464454977,1.1100000143051147,0.5260663574905757,0.20000000298023224,0.09478673127025225,0.30000001192092896,0.14218010043645923,0,0,2025,,105
1,0,6,Hamalau - Ganda,Sungai Raya - Kandangan,1.17,3.5,1.1699999570846558,0,0,0,0,0,0,0.5,0.4273504273504274,0.6700000166893005,0.5726495869139321,0,0,0,0,2025,,106
1,0,7,Tamiyang - Ds. Tamiyang (Eks TMMD),Sungai Raya ,2.04,3,0,0,0,2.0399999618530273,0,0,0,0,0,0,0,2.0399999618530273,0.9999999813005036,0,0,2025,,107
1,0,8,Tanah Bangkang Menuju Balai Benih Ikan,Sungai Raya ,0.66,3,0.6600000262260437,0,0,0,0,0,0,0.20000000298023224,0.3030303075458064,0.10000000149011612,0.1515151537729032,0.36000001430511475,0.5454545671289617,0,0,2025,,108
1,0,9,Karang Intan - Tanah Bangkang,Sungai Raya ,1.11,3,1.1100000143051147,0,0,0,0,0,0,1.1100000143051147,1.0000000128874906,0,0,0,0,0,0,2025,,109
1,1,0,Jl. Haritas (PT. Pertani),Sungai Raya ,0.64,3,0.6399999856948853,0,0,0,0,0.20000000298023224,0.3125000046566129,0.4399999976158142,0.6874999962747097,0,0,0,0,0,0,2025,,110
1,1,1,Paharuangan - Sei. Raya Selatan,Sungai Raya ,1.96,3.5,1.9600000381469727,0,0,0,0,0.6000000238418579,0.30612246114380504,0.800000011920929,0.40816327138822905,0.46000000834465027,0.23469388180849504,0.10000000149011612,0.05102040892352863,0,0,2025,,111
1,1,2,Jl. Bangga TMMD,Sungai Raya ,0.79,3.5,0.7900000214576721,0,0,0,0,0,0,0,0,0.7900000214576721,1.0000000271616103,0,0,0,0,2025,,112
1,1,3,Batang Kulur Kiri - Durian Landung,Sungai Raya ,0.55,3.5,0.550000011920929,0,0,0,0,0.44999998807907104,0.8181817965074019,0.10000000149011612,0.18181818452748383,0,0,0,0,0,0,2025,,113
1,1,4,Jl. Taminung,Sungai Raya ,2.02,3.5,2,0,0,0.019999999552965164,0,0,0,2,0.9900990099009901,0,0,0.019999999552965164,0.009900989877705527,0,0,2025,,114
1,1,5,Matang Gadung - Halalang,Sungai Raya ,0.42,3,0.41999998688697815,0,0,0,0,0.41999998688697815,0.9999999687785195,0,0,0,0,0,0,0,0,2025,,115
1,1,6,"Sungai Raya Utara - Teluk Pinang 
				_x000D_
",Sungai Raya ,1.7,3,1.7000000476837158,0,0,0,0,0,0,1.5,0.8823529411764706,0.20000000298023224,0.1176470605766072,0,0,0,0,2025,,116
1,1,7,Jl. Mangunang - Ds. Sungai Raya Utara,Sungai Raya ,0.7,3,0.699999988079071,0,0,0,0,0,0,0.699999988079071,0.9999999829701015,0,0,0,0,0,0,2025,,117
1,1,8,Hamalau - Asam Cangkok,Sungai Raya - Kandangan,1.43,3,1.4299999475479126,0,0,0,0,0.9300000071525574,0.6503496553514387,0.5,0.3496503496503497,0,0,0,0,0,0,2025,,118
1,1,9,Hariti - Sungai Raya Selatan,Sungai Raya ,2.66,3,0.800000011920929,0,0,1.8600000143051147,0,0,0,0.4000000059604645,0.15037594209040017,0.30000001192092896,0.11278195936877028,1.9600000157952309,0.7368421112012146,0,0,2025,,119
1,2,0,Mangaris - Limau Manis,Sungai Raya ,4.1,3.5,0,0,0,4.099999904632568,0,0,0,0,0,0,0,4.099999904632568,0.9999999767396509,0,0,2025,,120
1,2,1,Jl. Munggu Raya - Ds. Hariti,Sungai Raya ,0.46,3,0.46000000834465027,0,0,0,0,0.10000000149011612,0.21739130758720895,0.36000001430511475,0.7826087267502494,0,0,0,0,0,0,2025,,121
1,2,2,Paharuangan - Asam Dua,Sungai Raya ,0.91,3.5,0.20000000298023224,0,0,0.7099999785423279,0,0,0,0.20000000298023224,0.21978022305520026,0,0,0.7099999785423279,0.7802197566399207,0,0,2025,,122
1,2,3,Asam Seranggan - Asam Tamiyang,Sungai Raya ,1.02,4,0,0,1.0199999809265137,0,0,1.0199999809265137,0.9999999813005036,0,0,0,0,0,0,0,0,2025,,123
1,2,4,Jl. Papancan - Ds. Tanah Bangkang,Sungai Raya ,1.46,3,1.4600000381469727,0,0,0,0,1.4600000381469727,1.0000000261280635,0,0,0,0,0,0,0,0,2025,,124
1,2,5,Jl. Baru - Asam Desa Baru,Sungai Raya ,1.32,3,1.3200000524520874,0,0,0,0,0.20000000298023224,0.1515151537729032,0.9200000166893005,0.6969697096131064,0.20000000298023224,0.1515151537729032,0,0,0,0,2025,,125
1,2,6,Jl. Sungai Namang - Ds. Tanah Bangkang,Sungai Raya ,0.73,3,0,0,0,0.7300000190734863,0,0,0,0,0,0,0,0.7300000190734863,1.0000000261280635,0,0,2025,,126
1,2,7,Jarau - Parandakan,Sungai Raya ,0.7,3,0.699999988079071,0,0,0,0,0,0,0,0,0.20000000298023224,0.28571428997176035,0.5,0.7142857142857143,0,0,2025,,127
1,2,8,Mungkur Galah - Lokpaikat,Sungai Raya ,0.71,3,0.7099999785423279,0,0,0,0,0,0,0.20000000298023224,0.2816901450425806,0.5099999904632568,0.718309845722897,0,0,0,0,2025,,128
1,2,9,Batang Kulur Kanan - Bumi Berkat (Jl. Kisung),Sungai Raya ,1.61,3,1.6100000143051147,0,0,0,0,0,0,0,0,0,0,1.6100000143051147,1.0000000088851644,0,0,2025,,129
1,3,0,Batang Kulur Kanan - Batang Kulur Kiri,Sungai Raya ,0.82,3.5,0,0,0,0.8199999928474426,0,0,0,0,0,0,0,0.8199999928474426,0.9999999912773692,0,0,2025,,130
1,3,1,Jl. Manggis - Ds. Baru,Sungai Raya ,1.28,3.5,0,0,0,1.2799999713897705,0,0,0,0,0,0,0,1.2799999713897705,0.9999999776482582,0,0,2025,,131
1,3,2,Jl. TPA - Ds. Sungai Raya Selatan,Sungai Raya ,0.85,6,0.8500000238418579,0,0,0,0,0.6499999761581421,0.7647058543036966,0.20000000298023224,0.2352941211532144,0,0,0,0,0,0,2025,,132
1,3,3,Jl. Pembangunan - Ds. Sungai Raya Utara,Sungai Raya ,0.95,3,0.949999988079071,0,0,0,0,0,0,0.3499999940395355,0.36842104635740586,0.4000000059604645,0.4210526378531205,0.20000000298023224,0.21052631892656026,0,0,2025,,133
1,3,4,Jl. Kalaka Dayuh - Ds. Sungai Raya Utara,Sungai Raya ,0.43,3,0,0,0,0.4300000071525574,0,0,0,0,0,0,0,0.4300000071525574,1.0000000166338543,0,0,2025,,134
1,3,5,Teluk Pinang - Padang Rasau,Padang Batung,2.18,3.5,2.180000066757202,0,0,0,0,0,0,1.2000000476837158,0.5504587374695944,0.9800000190734863,0.44954129315297536,0,0,0,0,2025,,135
1,3,6,Tanayung - Simp. Ambarai,Padang Batung,1.61,3.5,1.6100000143051147,0,0,0,0,0,0,1.2100000381469727,0.7515528187248277,0.30000001192092896,0.18633541113101176,0.10000000149011612,0.06211180216777398,0,0,2025,,136
1,3,7,Tabihi - Telaga Langsat,Padang Batung - Telaga Langsat,8.65,4,8.649999618530273,0,0,0,0,2.75,0.3179190751445087,5.599999904632568,0.6473988329054992,0.30000001192092896,0.03468208230299757,0,0,0,0,2025,,137
1,3,8,Karang Jawa -Ambarai - Sungai Bungur,Padang Batung,4.04,3.5,4.039999961853027,0,0,0,0,0,0,1.840000033378601,0.4554455528164854,1.399999976158142,0.34653464756389657,0.800000011920929,0.198019804930923,0,0,2025,,138
1,3,9,Ambarai - Madang,Padang Batung,1.74,3.5,1.7400000095367432,0,0,0,0,1.340000033378601,0.7701149617118397,0.4000000059604645,0.22988506089681868,0,0,0,0,0,0,2025,,139
1,4,0,Padang Batung - Batulaki - Malilingin,Padang Batung,8.88,3.5,8.880000114440918,0,0,0,0,0,0,2.4800000190734863,0.2792792814271944,1.899999976158142,0.21396396127907003,4.5,0.5067567567567567,0,0,2025,,140
1,4,1,Malilingin - Lokbahan - Paniungan,Padang Batung,10.66,3.009999990463257,7.599999904632568,0,1.3600000143051147,1.7000000476837158,0,6.400000095367432,0.6003752434678641,1.899999976158142,0.17823639551202083,0.20000000298023224,0.018761726358370753,2.160000056028366,0.20262664690697618,0,0,2025,,141
1,4,2,Mawangi - Bukuanin - Telaga Langsat,Padang Batung - Telaga Langsat,14.22,4,14.220000267028809,0,0,0,0,0,0,8.119999885559082,0.5710267148775725,4.599999904632568,0.3234880383004619,1.5,0.10548523206751054,0,0,2025,,142
1,4,3,Mandapai - Madang,Padang Batung,5.82,3.5,5.820000171661377,0,0,0,0,0,0,2.9200000762939453,0.5017182261673445,1.7999999523162842,0.3092783423223856,1.100000023841858,0.189003440522656,0,0,2025,,143
1,4,4,Kaliring - Sp. Padang Batung,Padang Batung,4.5,3,4.5,0,0,0,0,0,0,2.4000000953674316,0.5333333545260959,1.399999976158142,0.31111110581292045,0.699999988079071,0.15555555290646023,0,0,2025,,144
1,4,5,Pagar  Haur - Malutu,Padang Batung,0.22,3.5,0.2199999988079071,0,0,0,0,0.2199999988079071,0.9999999945813959,0,0,0,0,0,0,0,0,2025,,145
1,4,6,Simpang Malutu - Pahampangan,Padang Batung - Sungai Raya,4.51,3,0,0,0,1.7999999523162842,2.7100000381469727,0,0,0,0,0,0,4.510000228881836,1.0000000507498528,0,0,2025,,146
1,4,7,Simpang Malutu - Tambak,Padang Batung,2.87,3.9200000762939453,2.869999885559082,0,0,0,0,0.800000011920929,0.2787456487529369,1,0.3484320557491289,0.7699999809265137,0.2682926762810152,0.30000001192092896,0.10452962087837245,0,0,2025,,147
1,4,8,Pagat Batu - Muara Hariang,Padang Batung,3.27,3.5,2.9700000286102295,0,0,0.30000001192092896,0,0,0,2.569999933242798,0.7859327012974917,0.30000001192092896,0.09174312291159907,0.4000000134110451,0.12232416312264376,0,0,2025,,148
1,4,9,Paku (Jambu Hulu) - Ganda,Padang Batung - Kandangan,1.88,3,1.8799999952316284,0,0,0,0,0,0,0,0,1.5800000429153442,0.8404255547422045,0.30000001192092896,0.15957447442602604,0,0,2025,,149
1,5,0,Sp.3 Bukuanin - Riam Talo,Padang Batung - Telaga Langsat,3.12,3,2.7200000286102295,0,0,0.4000000059604645,0,0,0,1,0.3205128205128205,0.9200000166893005,0.2948718002209296,1.2000000178813934,0.38461539034660047,0,0,2025,,150
1,5,1,Sp.3 Bukuanin - Tayub,Padang Batung,3.39,3,0.6000000238418579,0,0,0,2.7899999618530273,0,0,0.6000000238418579,0.1769911574754743,0,0,2.7899999618530273,0.8230088383047278,0,0,2025,,151
1,5,2,Madang - Ambutun,Padang Batung - Telaga Langsat,2.94,3.5,2.940000057220459,0,0,0,0,0,0,2.0399999618530273,0.6938775380452474,0.800000011920929,0.2721088475921527,0.10000000149011612,0.03401360594901909,0,0,2025,,152
1,5,3,Jl. Monumen 17 Mei - Mandapai,Padang Batung,0.06,3.5,0.05999999865889549,0,0,0,0,0.05999999865889549,0.9999999776482582,0,0,0,0,0,0,0,0,2025,,153
1,5,4,Batu Laki - Muara Pipii,Padang Batung,4.27,3.5,4.170000076293945,0,0.10000000149011612,0,0,0.6000000238418579,0.14051522806600888,0.30000001192092896,0.07025761403300444,0.4000000059604645,0.09367681638418372,2.9700000286102295,0.6955503579883442,0,0,2025,,154
1,5,5,Muara Pipii - Tambak Pipii,Padang Batung,4.65,3,0.6000000238418579,0,0.8999999761581421,3.1500000953674316,0,0,0,0,0,0.4000000059604645,0.0860215066581644,4.2500001192092896,0.9139785202600622,0,0,2025,,155
1,5,6,Tambak Pipii - Malilingin,Padang Batung,4.88,3.2799999713897705,0,0,0.9800000190734863,0,3.9000000953674316,0,0,0.9800000190734863,0.20081967603964884,0,0,3.9000000953674316,0.799180347411359,0,0,2025,,156
1,5,7,Malilingin - Muara Hariang,Padang Batung,4.57,4,0,0,0,0,4.570000171661377,0,0,0,0,0,0,4.570000171661377,1.0000000375626645,0,0,2025,,157
1,5,8,Mawangi - Pariangan,Padang Batung,2.35,3.5,2.3499999046325684,0,0,0,0,0.10000000149011612,0.04255319212345367,1.149999976158142,0.4893616919821881,1,0.425531914893617,0.10000000149011612,0.04255319212345367,0,0,2025,,158
1,5,9,Jambu Hulu - Paku Pantai,Padang Batung,1.62,3,1.6200000047683716,0,0,0,0,0,0,1.5,0.9259259259259258,0.11999999731779099,0.0740740724183895,0,0,0,0,2025,,159
1,6,0,Sungai Minting - Ds. Malutu,Padang Batung,0.47,3,0.4699999988079071,0,0,0,0,0,0,0.4699999988079071,0.9999999974636322,0,0,0,0,0,0,2025,,160
1,6,1,Padang Rasau (Tambak Tamiang) - Paku Pantai,Padang Batung,2.23,3,2.2300000190734863,0,0,0,0,0,0,1.9299999475479126,0.8654708284968218,0.30000001192092896,0.13452915332777082,0,0,0,0,2025,,161
1,6,2,Jl. Galuntang Tayub - Ds. Madang,Padang Batung,2.36,3.5,2.359999895095825,0,0,0,0,2.059999942779541,0.8728813316862463,0.30000001192092896,0.1271186491190377,0,0,0,0,0,0,2025,,162
1,6,3,Jl. Menuju SMPN Malilingin,Padang Batung,0.45,3,0.44999998807907104,0,0,0,0,0,0,0.3499999940395355,0.7777777645323012,0.10000000149011612,0.22222222553359136,0,0,0,0,2025,,163
1,6,4,Jl. Samping Mesjid Mandapai,Padang Batung,0.24,3,0.23999999463558197,0,0,0,0,0,0,0.14000000059604645,0.5833333358168602,0.10000000149011612,0.41666667287548387,0,0,0,0,2025,,164
1,6,5,Muara Hariang - Bayumbung,Padang Batung - Loksado,4,2,0,0,0.7000000178813934,0,3.299999952316284,0,0,0.30000001192092896,0.07500000298023224,0,0,3.6999999582767487,0.9249999895691872,0,0,2025,,165
1,6,6,Tambak Pipii - Batu Ampar,Padang Batung,1.98,1.5,0,0,1.9800000190734863,0,0,0,0,0,0,0,0,1.9800000190734863,1.000000009633074,0,0,2025,,166
1,6,7,Bakarung - Rantauan,Angkinang,3.03,3.5,3.0299999713897705,0,0,0,0,1,0.33003300330033003,1.1299999952316284,0.37293729215565297,0.8999999761581421,0.2970296951016971,0,0,0,0,2025,,167
1,6,8,Taniran Selatan - Rantauan,Angkinang,1.11,3,1.1100000143051147,0,0,0,0,0.9100000262260437,0.8198198434468862,0.20000000298023224,0.18018018286507406,0,0,0,0,0,0,2025,,168
1,6,9,Bakarung -Tabihi - Karang Jawa,Angkinang - Padang Batung,4.57,3.5,4.570000171661377,0,0,0,0,0,0,2.569999933242798,0.5623632239043321,2,0.437636761487965,0,0,0,0,2025,,169
1,7,0,Pandulangan - Kalinduku,Angkinang - Padang Batung,1.07,3,1.0700000524520874,0,0,0,0,0,0,0.07000000029802322,0.06542056102618993,0.5,0.4672897196261682,0.5,0.4672897196261682,0,0,2025,,170
1,7,1,Taniran Selatan Kubah - Buntut Taniran / Wawaran,Angkinang - Kandangan,6.74,3,6.739999771118164,0,0,0,0,0.8999999761581421,0.13353115373266203,2.140000104904175,0.31750743396204373,2,0.29673590504451036,1.7000000476837158,0.2522255263625691,0,0,2025,,171
1,7,2,Angkinang Selatan - Tawia - Wawaran,Angkinang,5.88,3,5.880000114440918,0,0,0,0,1.7000000476837158,0.28911565436797887,3.2799999713897705,0.5578231243860154,0.8999999761581421,0.15306122043505818,0,0,0,0,2025,,172
1,7,3,Tawia - Kayu Abang,Angkinang,1.49,3,1.4900000095367432,0,0,0,0,1.4900000095367432,1.0000000064004988,0,0,0,0,0,0,0,0,2025,,173
1,7,4,Bamban Selatan - Tanggang - Panggang Hijau,Angkinang,3.58,3,1.100000023841858,0,0,2.4800000190734863,0,0,0,1,0.27932960893854747,0.10000000149011612,0.0279329613100883,2.4800000190734863,0.6927374354953872,0,0,2025,,174
1,7,5,Angkinang - Telaga Langsat,Angkinang - Telaga Langsat,5.58,3,5.579999923706055,0,0,0,0,0.4000000059604645,0.07168458888180367,3.9800000190734863,0.7132616521637072,1.2000000476837158,0.215053771986329,0,0,0,0,2025,,175
1,7,6,Bamban Selatan - Pakuan,Angkinang - Telaga Langsat,2.09,3,2.0899999141693115,0,0,0,0,0,0,1.8899999856948853,0.9043062132511414,0.20000000298023224,0.09569378133025466,0,0,0,0,2025,,176
1,7,7,Bamban Utara - Longawang,Angkinang - Telaga Langsat,2.11,3.5,2.109999895095825,0,0,0,0,0,0,2.009999990463257,0.9526066305513066,0.10000000149011612,0.047393365635126125,0,0,0,0,2025,,177
1,7,8,Angkinang - Kayu Abang - Panggang Hijau,Angkinang,7,3,5.400000095367432,0,0,1.600000023841858,0,1.399999976158142,0.1999999965940203,1.100000023841858,0.15714286054883683,1.2999999523162842,0.1857142789023263,3.200000047683716,0.45714286395481657,0,0,2025,,178
1,7,9,Sp. Mandampa Tel. Sili-Sili - Sp. Sei. Bungur,Angkinang - Padang Batung,4.9,3.5,4.900000095367432,0,0,0,0,0,0,3,0.6122448979591836,1.899999976158142,0.387755097175131,0,0,0,0,2025,,179
1,8,0,Sungai Kudung - Kalinduku,Angkinang,2.95,3.5,2.950000047683716,0,0,0,0,0,0,1.0499999523162842,0.355932187225859,1.600000023841858,0.542372889437918,0.30000001192092896,0.10169491929523015,0,0,2025,,180
1,8,1,Bamban Tengah - Lok Nyiur,Angkinang,1.26,3.5,1,0,0.25999999046325684,0,0,0,0,0.699999988079071,0.5555555460945009,0.30000001192092896,0.23809524755629283,0.25999999046325684,0.20634919878036256,0,0,2025,,181
1,8,2,Sp. Bakarung Selatan - Sungai Kudung,Angkinang,0.55,3,0.4000000059604645,0,0,0.15000000596046448,0,0.10000000149011612,0.18181818452748383,0.20000000298023224,0.36363636905496766,0.10000000149011612,0.18181818452748383,0.15000000596046448,0.27272728356448084,0,0,2025,,182
1,8,3,Panggang Hijau - Ds. Tawar,Angkinang - Kandangan,3.67,3,0,0,0,0,3.6700000762939453,0,0,0,0,0,0,3.6700000762939453,1.0000000207885409,0,0,2025,,183
1,8,4,Taniran Tengah - Taniran Selatan,Angkinang,2.26,3,2.259999990463257,0,0,0,0,1.2000000476837158,0.530973472426423,1.059999942779541,0.46902652335377926,0,0,0,0,0,0,2025,,184
1,8,5,Jl. Kayu Abang - Ds. Anjiran,Angkinang,0.98,3,0,0,0.9800000190734863,0,0,0,0,0.5799999833106995,0.591836717663979,0.10000000149011612,0.10204081784705726,0.30000001192092896,0.30612246114380504,0,0,2025,,185
1,8,6,Jl. Rel Angkinang - TMMD Angkinang,Angkinang,3.63,3,1.399999976158142,0,0,2.2300000190734863,0,0,0,0.20000000298023224,0.055096419553782985,1.100000023841858,0.30303030959830796,2.3300000205636024,0.6418732839018189,0,0,2025,,186
1,8,7,Jl. AMD - Ds. Lok Binuang,Angkinang,1.57,3.5,0.20000000298023224,0,0,1.3700000047683716,0,0,0,0,0,0,0,1.5700000077486038,1.0000000049354163,0,0,2025,,187
1,8,8,Jl. Pandan Sari - Ds. Angkinang,Angkinang,0.44,3,0.4399999976158142,0,0,0,0,0.30000001192092896,0.6818182089112022,0.03999999910593033,0.09090908887711438,0,0,0.10000000149011612,0.22727273065935483,0,0,2025,,188
1,8,9,Bamban Selatan - Pakuan Balunan,Angkinang,1.71,3,1.7100000381469727,0,0,0,0,0.5,0.29239766081871343,1.2100000381469727,0.7076023614894577,0,0,0,0,0,0,2025,,189
1,9,0,Kayu Abang - Paya,Angkinang,0.7,3,0.699999988079071,0,0,0,0,0.10000000149011612,0.14285714498588017,0.30000001192092896,0.4285714456013271,0.20000000298023224,0.28571428997176035,0.10000000149011612,0.14285714498588017,0,0,2025,,190
1,9,1,Bamban (Tibung) - Martajiwa,Angkinang,0.66,3,0.10000000149011612,0,0,0.5600000023841858,0,0,0,0,0,0.10000000149011612,0.1515151537729032,0.5600000023841858,0.8484848520972511,0,0,2025,,191
1,9,2,Rantauan - Sungai Baru (Jl. Pulau),Angkinang,1.18,3.5,1.1799999475479126,0,0,0,0,0.9800000190734863,0.8305084907402427,0.10000000149011612,0.08474576397467468,0.10000000149011612,0.08474576397467468,0,0,0,0,2025,,192
1,9,3,Telaga Langsat - Pakuan Timur,Telaga Langsat,2.82,3,2.819999933242798,0,0,0,0,0,0,0.8999999761581421,0.31914892771565323,1.0199999809265137,0.36170212089592685,0.8999999761581421,0.31914892771565323,0,0,2025,,193
1,9,4,Longawang - Gumbil,Telaga Langsat,1.66,3.5,1.659999966621399,0,0,0,0,0.10000000149011612,0.060240964753082,1.559999942779541,0.9397590016744224,0,0,0,0,0,0,2025,,194
1,9,5,Mandampa - Longawang,Telaga Langsat,2.86,3.5,2.859999895095825,0,0,0,0,0,0,2.5999999046325684,0.9090908757456533,0.25999999046325684,0.09090908757456533,0,0,0,0,2025,,195
1,9,6,Gumbil - Masimpan,Telaga Langsat,5,3,5,0,0,0,0,0,0,3.799999952316284,0.7599999904632568,1.100000023841858,0.2200000047683716,0.10000000149011612,0.020000000298023225,0,0,2025,,196
1,9,7,Hamak Timur - Umpaya,Telaga Langsat,4.19,3,4.190000057220459,0,0,0,0,0.699999988079071,0.16706443629572099,2.490000009536743,0.5942720786483874,1,0.2386634844868735,0,0,0,0,2025,,197
1,9,8,Hamak - Umbai,Telaga Langsat,0.97,1.5,0,0,0.9700000062584877,0,0,0,0,0.10000000149011612,0.10309278504135683,0.30000001192092896,0.3092783628050814,0.5699999928474426,0.587628858605611,0,0,2025,,198
1,9,9,Hamak Utara - Samaragi,Telaga Langsat,0.3,3,0,0,0.20000000298023224,0.10000000149011612,0,0,0,0,0,0.20000000298023224,0.6666666766007742,0.10000000149011612,0.3333333383003871,0,0,2025,,199
2,0,0,Umpaya - Tumarin,Telaga Langsat,0.56,3.5,0.5600000023841858,0,0,0,0,0.36000001430511475,0.6428571684019906,0.20000000298023224,0.3571428624647004,0,0,0,0,0,0,2025,,200
2,0,1,Jl. Sungai Durian - Ds. Gumbil,Telaga Langsat,0.95,3.5,0,0,0.8999999761581421,0.05000000074505806,0,0,0,0.8999999761581421,0.9473683959559391,0,0,0.05000000074505806,0.052631579731640066,0,0,2025,,201
2,0,2,Pantai Langsat - Umpaya ,Telaga Langsat,4.45,2,0,0,4.449999809265137,0,0,0,0,4.449999809265137,0.999999957138233,0,0,0,0,0,0,2025,,202
2,0,3,Halayung - Hantarukung,Simpur,1.91,3,1.909999966621399,0,0,0,0,1.809999942779541,0.9476439490992362,0.10000000149011612,0.052356021722573885,0,0,0,0,0,0,2025,,203
2,0,4,Wasah Hulu - Amparaya - Simpur,Simpur,6.36,3.5,6.360000133514404,0,0,0,0,0.4000000059604645,0.06289308269818623,0.800000011920929,0.12578616539637247,2.0999999046325684,0.33018866425040383,3.059999942779541,0.4811320664747706,0,0,2025,,204
2,0,5,Wasah Hilir - Sarang Halang,Simpur - Sungai Raya,3.13,3,3.130000114440918,0,0,0,0,1.1299999952316284,0.361022362693811,1.399999976158142,0.44728433743071633,0.6000000238418579,0.19169329835203128,0,0,0,0,2025,,205
2,0,6,Simpur - Simp. Bilui,Simpur,1.03,3,1.0299999713897705,0,0,0,0,0.23000000417232513,0.2233009749245875,0.6000000238418579,0.582524294992095,0.20000000298023224,0.19417476017498275,0,0,0,0,2025,,206
2,0,7,Simpur - Sp. 3 Muara Paring Agung,Simpur - Sungai Raya,2.73,3.5,2.7300000190734863,0,0,0,0,1.0299999713897705,0.37728936680943975,1.5,0.5494505494505495,0.20000000298023224,0.07326007435173341,0,0,0,0,2025,,207
2,0,8,Wasah Tengah - Sungai Tarap,Simpur,3.35,3.5,3.3499999046325684,0,0,0,0,3.3499999046325684,0.99999997153211,0,0,0,0,0,0,0,0,2025,,208
2,0,9,Wasah Hilir - Amparaya,Simpur,2.93,3,2.930000066757202,0,0,0,0,1,0.341296928327645,0.10000000149011612,0.03412969334133656,0.5299999713897705,0.18088736224906843,1.2999999523162842,0.4436859905516328,0,0,2025,,209
2,1,0,Panjampang  Bahagia - Bayur,Simpur,1.56,3.5,1.559999942779541,0,0,0,0,0.10000000149011612,0.06410256505776674,1.159999966621399,0.7435897221932044,0.30000001192092896,0.19230769994931343,0,0,0,0,2025,,210
2,1,1,Ulin - Tanggul (Balai Mas),Simpur,3.91,3.5,3.9100000858306885,0,0,0,0,0,0,1.7000000476837158,0.4347826208909759,0.8999999761581421,0.23017902203533044,1.309999942779541,0.335038348536967,0,0,2025,,211
2,1,2,Panjampang Bahagia - Hanau,Simpur,4.78,3.5,4,0,0,0,0.7799999713897705,0,0,2.299999952316284,0.481171538141482,0.30000001192092896,0.06276150877006882,2.1799999475479126,0.4560669346334545,0,0,2025,,212
2,1,3,Jl. Halaban,Simpur,2.12,3.5,1.600000023841858,0,0,0,0.5199999809265137,0,0,0.10000000149011612,0.04716981202363968,0.30000001192092896,0.14150943958534384,1.7200000286102295,0.8113207682123723,0,0,2025,,213
2,1,4,Amparaya - Karangan - Hanau,Simpur,4.36,3.5,4.360000133514404,0,0,0,0,2,0.4587155963302752,2.1600000858306885,0.49541286372263493,0.20000000298023224,0.04587156031656702,0,0,0,0,2025,,214
2,1,5,Jl. Kalimput Desa Wasah Hilir,Simpur,0.9,3.5,0.8999999761581421,0,0,0,0,0,0,0.4000000059604645,0.4444444510671827,0.5,0.5555555555555556,0,0,0,0,2025,,215
2,1,6,Jl. Sungai Kacil I - Kapuh Padang,Simpur,1.32,3.5,1.3200000524520874,0,0,0,0,1.3200000524520874,1.0000000397364297,0,0,0,0,0,0,0,0,2025,,216
2,1,7,Jl. Sungai Kacil II,Simpur,0.39,3,0.38999998569488525,0,0,0,0,0.28999999165534973,0.7435897221932044,0.10000000149011612,0.25641026023106694,0,0,0,0,0,0,2025,,217
2,1,8,Jl. Papagaran - Ds. Amawang Kanan,Simpur,0.54,3.5,0.5400000214576721,0,0,0,0,0,0,0.5400000214576721,1.0000000397364297,0,0,0,0,0,0,2025,,218
2,1,9,Balaimas - Hanau,Simpur,2.33,3.5,2.3299999237060547,0,0,0,0,0,0,2.3299999237060547,0.9999999672558174,0,0,0,0,0,0,2025,,219
2,2,0,Garunggang - Hantamangu,Simpur,1.16,3,1,0,0,0,0.1599999964237213,0,0,0.800000011920929,0.689655182690456,0.20000000298023224,0.172413795672614,0.1599999964237213,0.13793103139975976,0,0,2025,,220
2,2,1,Jl. KH. Ramli - DS. Amparaya,Simpur,0.34,3,0.3400000035762787,0,0,0,0,0.14000000059604645,0.4117647076354307,0.20000000298023224,0.5882353028830359,0,0,0,0,0,0,2025,,221
2,2,2,Jl. Tungkaran - Ds. Ulin,Simpur,1.24,3,1.2400000095367432,0,0,0,0,0,0,0.6399999856948853,0.5161290207216817,0,0,0.6000000238418579,0.48387098696924025,0,0,2025,,222
2,2,3,Jl. Mondar (Ulin-Pantai Ulin) - Ds. Ulin,Simpur - Kandangan,1.86,3.5,1.8600000143051147,0,0,0,0,0,0,1.8600000143051147,1.000000007690922,0,0,0,0,0,0,2025,,223
2,2,4,Jl. Pendawa - Ds. Tebing Tinggi,Simpur,0.82,3,0.699999988079071,0,0,0,0.11999999731779099,0.20000000298023224,0.24390244265881983,0.5,0.6097560975609756,0,0,0.11999999731779099,0.14634146014364754,0,0,2025,,224
2,2,5,Jl. Mangamol - Ds. Pantai Ulin,Simpur,0.69,3,0.6899999976158142,0,0,0,0,0.6899999976158142,0.9999999965446583,0,0,0,0,0,0,0,0,2025,,225
2,2,6,Jl. Guru H. Izim - Ds. Pantai Ulin,Simpur,0.62,3,0,0,0,0.6200000047683716,0,0,0,0,0,0,0,0.6200000047683716,1.000000007690922,0,0,2025,,226
2,2,7,Jl. Rawati - Ds. Panjampang Bahagia,Simpur,1.21,3.5,1.2100000381469727,0,0,0,0,1.2100000381469727,1.0000000315264237,0,0,0,0,0,0,0,0,2025,,227
2,2,8,Jl. Pianggu,Simpur,0.82,3,0.8199999928474426,0,0,0,0,0.8199999928474426,0.9999999912773692,0,0,0,0,0,0,0,0,2025,,228
2,2,9,Jl. Buluh - Ds. Tebing Tinggi,Simpur,1.28,3.5,0.6000000238418579,0,0,0.6800000071525574,0,0.5,0.390625,0.10000000149011612,0.07812500116415322,0,0,0.6800000071525574,0.5312500055879354,0,0,2025,,229
2,3,0,Jl. H. Saim Garunggang - Kalimput,Simpur,0.71,3,0.7099999785423279,0,0,0,0,0.6100000143051147,0.8591549497255138,0.10000000149011612,0.1408450725212903,0,0,0,0,0,0,2025,,230
2,3,1,Jl. Padang Haur - Ds. Wasah Tengah,Simpur,1.23,3,1.2300000190734863,0,0,0,0,0,0,0.23000000417232513,0.18699187331083345,0.5,0.4065040650406504,0.5,0.4065040650406504,0,0,2025,,231
2,3,2,Jl. Gerilya - Ds. Simpur,Simpur,0.52,3,0.5199999809265137,0,0,0,0,0.41999998688697815,0.807692282474958,0.10000000149011612,0.19230769517330024,0,0,0,0,0,0,2025,,232
2,3,3,Jl. Jangkang - Ds. Wasah Hilir,Simpur,0.34,3,0.3400000035762787,0,0,0,0,0.3400000035762787,1.0000000105184665,0,0,0,0,0,0,0,0,2025,,233
2,3,4,Jl. Air Miris - Ds. Wasah Hilir,Simpur,1.06,3,1.059999942779541,0,0,0,0,0.25999999046325684,0.245283009870997,0.800000011920929,0.7547169923782349,0,0,0,0,0,0,2025,,234
2,3,5,Jl. Tandik - Ds. Wasah Hilir,Simpur,0.5,3,0.5,0,0,0,0,0.20000000298023224,0.4000000059604645,0.30000001192092896,0.6000000238418579,0,0,0,0,0,0,2025,,235
2,3,6,Jl. Ds. Kapuh Tengah (Jl. Menuju Majelis Talim),Simpur,0.6,3.5,0.6000000238418579,0,0,0,0,0.6000000238418579,1.00000003973643,0,0,0,0,0,0,0,0,2025,,236
2,3,7,Jl. Karampaci - Ds. Kapuh,Simpur,0.52,3,0.5199999809265137,0,0,0,0,0.41999998688697815,0.807692282474958,0.10000000149011612,0.19230769517330024,0,0,0,0,0,0,2025,,237
2,3,8,Jl. At-Taubah - Ds. Kapuh,Simpur,0.47,3,0.4699999988079071,0,0,0,0,0.10000000149011612,0.21276596061726835,0.3700000047683716,0.787234052698663,0,0,0,0,0,0,2025,,238
2,3,9,Jl. Firdaus - Ds. Kapuh,Simpur,0.3,3,0.30000001192092896,0,0,0,0,0,0,0.10000000149011612,0.3333333383003871,0.20000000298023224,0.6666666766007742,0,0,0,0,2025,,239
2,4,0,Jl. Slasa Garih - Ds. Kapuh,Simpur,0.5,3,0.5,0,0,0,0,0,0,0.5,1,0,0,0,0,0,0,2025,,240
2,4,1,Jl. Palas - Ds. Wasah Tengah,Simpur,0.83,3,0.8299999833106995,0,0,0,0,0,0,0,0,0,0,0.8299999833106995,0.9999999798924091,0,0,2025,,241
2,4,2,Jl. Tanah Habang - Ds. Simpur,Simpur,1.05,3.5,0,0,0,1.0499999523162842,0,0,0,0,0,0,0,1.0499999523162842,0.9999999545869372,0,0,2025,,242
2,4,3,Jl. Banua Kambang - Ds. Wasah Tengah,Simpur,1.39,3,1.3899999856948853,0,0,0,0,0.4000000059604645,0.28776978846076584,0.49000000953674316,0.3525179924724771,0.5,0.3597122302158274,0,0,0,0,2025,,243
2,4,4,Jl. Pajah Api - Ds. Kapuh,Simpur,0.34,3,0.3400000035762787,0,0,0,0,0.23999999463558197,0.7058823371634764,0.10000000149011612,0.29411765144151797,0,0,0,0,0,0,2025,,244
2,4,5,Jl. Talapak Manuk - Ds. Kapuh,Simpur,0.76,3,0.1599999964237213,0,0,0,0.6000000238418579,0,0,0.1599999964237213,0.21052631108384384,0,0,0.6000000238418579,0.789473715581392,0,0,2025,,245
2,4,6,Sirih - Taro,Kalumpang,1.26,3.5,1.2599999904632568,0,0,0,0,0,0,1.159999966621399,0.9206348941439674,0.10000000149011612,0.0793650805477112,0,0,0,0,2025,,246
2,4,7,Kalumpang - Balimau,Kalumpang,5.21,3.5,5.210000038146973,0,0,0,0,1.309999942779541,0.2514395283645952,3.5999999046325684,0.6909788684515487,0.30000001192092896,0.05758157618443934,0,0,0,0,2025,,247
2,4,8,Kalumpang (Ds. Balanti) - Teratai,Kalumpang,5.69,5,0,0,0,5.690000057220459,0,0,0,0,0,0,0,5.690000057220459,1.0000000100563196,0,0,2025,,248
2,4,9,Bago Tanggul - Katilang - Teratai,Kalumpang,9.71,4,7.300000190734863,0,0,0,2.4100000858306885,6.599999904632568,0.6797116276655579,0.699999988079071,0.07209062699063552,0,0,2.4100000858306885,0.24819774313395349,0,0,2025,,249
2,5,0,Binjai (Sirih Hulu) - Ds. Seranggan,Kalumpang - Sungai Raya,4.34,3.5,4.340000152587891,0,0,0,0,1.5399999618530273,0.35483870088779434,1.399999976158142,0.32258063966777467,1.399999976158142,0.32258063966777467,0,0,0,0,2025,,250
2,5,1,Balanti - (Ex. P3DT),Kalumpang,1.66,3,1.659999966621399,0,0,0,0,1.059999942779541,0.6385541823973139,0.6000000238418579,0.36144579749509514,0,0,0,0,0,0,2025,,251
2,5,2,Kalumpang - Baruh,Kalumpang,2.72,3,2.7200000286102295,0,0,0,0,0.699999988079071,0.2573529367937761,2.0199999809265137,0.7426470518112183,0,0,0,0,0,0,2025,,252
2,5,3,Sirih - Pacakan,Kalumpang,0.64,3,0.5,0,0,0,0.14000000059604645,0,0,0.4000000059604645,0.6250000093132257,0,0,0.24000000208616257,0.375000003259629,0,0,2025,,253
2,5,4,SP.4 Mesjid Sirih - Sarang Nyamuk - Asam Tamiyang,Kalumpang - Sungai Raya,6.1,3,6,0,0,0.10000000149011612,0,1.600000023841858,0.26229508587571443,2.299999952316284,0.3770491725108663,1.399999976158142,0.22950819281281018,0.7999999895691872,0.13114753927363726,0,0,2025,,254
2,5,5,Kalumpang Selatan - Ds. Asam Tamiyang,Kalumpang,0.82,3,0,0,0.8199999928474426,0,0,0,0,0,0,0,0,0.8199999928474426,0.9999999912773692,0,0,2025,,255
2,5,6,Balimau - Murung Dalam,Kalumpang,1.46,2.5,0,0,0,0,1.4600000381469727,0,0,0,0,0,0,1.4600000381469727,1.0000000261280635,0,0,2025,,256
2,5,7,Jl. Karya Bakti - Ds. Balimau,Kalumpang,0.86,4.190000057220459,0.5,0,0.30000001192092896,0.05999999865889549,0,0.5,0.5813953488372093,0.10000000149011612,0.11627907150013503,0,0,0.26000000163912773,0.3023255833013113,0,0,2025,,257
2,5,8,Tanuhi - Ulang,Loksado,7.65,3,7.650000095367432,0,0,0,0,2.200000047683716,0.2875817055795707,3.049999952316284,0.3986928042243508,2,0.26143790849673204,0.4000000059604645,0.052287582478492085,0,0,2025,,258
2,5,9,Loksado - Loklahung,Loksado,1.28,3,1.2799999713897705,0,0,0,0,0.8999999761581421,0.7031249813735485,0.18000000715255737,0.14062500558793545,0,0,0.20000000298023224,0.15625000232830644,0,0,2025,,259
2,6,0,Loksado - Haratai,Loksado,7.17,2,0.6000000238418579,0,6.570000171661377,0,0,0,0,0.5699999928474426,0.07949790695222352,6.599999904632568,0.9205020787493122,0,0,0,0,2025,,260
2,6,1,Loklahung - Kamawakan,Loksado,6.82,2,0,0,6.820000171661377,0,0,0.30000001192092896,0.043988271542658205,2.2200000286102295,0.3255132006759867,0,0,4.300000190734863,0.6304985616913289,0,0,2025,,261
2,6,2,Jl. Niagara (Ds. Halunuk) - Ayan,Loksado,2.06,3.5,0.5600000023841858,0,0,1.5,0,0.5600000023841858,0.2718446613515465,0,0,0,0,1.5,0.7281553398058253,0,0,2025,,262
2,6,3,Malinau - Katingin - Kamawakan,Loksado,9.46,3,5,0,0,2.299999952316284,2.1600000858306885,3,0.3171247357293869,0.30000001192092896,0.031712474833079166,0.5,0.05285412262156448,5.6600000858306885,0.5983086771491214,0,0,2025,,263
2,6,4,Loklahung - Malaris,Loksado,0.81,3.5,0,0,0.8100000023841858,0,0,0,0,0.20999999344348907,0.2592592511648013,0.30000001192092896,0.3703703850875666,0.30000001192092896,0.3703703850875666,0,0,2025,,264
2,6,5,Jl. Bubuih - Ds. Halunuk,Loksado,0.74,3.5,0.7400000095367432,0,0,0,0,0,0,0.10000000149011612,0.13513513714880557,0.14000000059604645,0.18918918999465736,0.5,0.6756756756756757,0,0,2025,,265
2,6,6,Halunuk - Riam Tajam/Talo - Hamak Umpaya,Loksado - Telaga Langsat,7.78,3,5.880000114440918,0,0,1.899999976158142,0,0,0,4.179999828338623,0.5372750422029078,0.8999999761581421,0.1156812308686558,2.699999988079071,0.34704370026723275,0,0,2025,,266
2,6,7,Jl. Muara Kitar - Desa Lumpangi,Loksado,0.43,3,0.4300000071525574,0,0,0,0,0,0,0.23000000417232513,0.5348837306333143,0.20000000298023224,0.4651162860005401,0,0,0,0,2025,,267
2,6,8,Jl. Hulu Banyu - Pantai Langsat,Loksado,1.79,3,1.7899999618530273,0,0,0,0,0.8899999856948853,0.4972066959189303,0.8999999761581421,0.5027932827699118,0,0,0,0,0,0,2025,,268
2,6,9,Jl. Bayampah - Tanuhi - Tugu Niih,Loksado,0.61,3.5,0.4000000059604645,0,0.20999999344348907,0,0,0,0,0.20999999344348907,0.34426228433358863,0,0,0.4000000059604645,0.655737714689286,0,0,2025,,269
2,7,0,Jl. Kantor Camat Loksado II,Loksado,0.12,3.5,0.11999999731779099,0,0,0,0,0.11999999731779099,0.9999999776482582,0,0,0,0,0,0,0,0,2025,,270
2,7,1,Jl. Buntu Muara Hatib - Bts. Kab. HST,Loksado,1.16,3.5,1.159999966621399,0,0,0,0,0,0,1.059999942779541,0.913793054120294,0.10000000149011612,0.086206897836307,0,0,0,0,2025,,271
2,7,2,Tanuhi - Hulu Banyu,Loksado,0.66,1.5,0,0,0.6600000038743019,0,0,0,0,0.20000000298023224,0.3030303075458064,0.4000000059604645,0.6060606150916128,0.05999999865889549,0.09090908887711438,0,0,2025,,272
2,7,3,Hulu Banyu - Datar Mangkung - Tumingki,Loksado,7,1.5,0,0,7,0,0,0,0,4.699999809265137,0.6714285441807338,1.899999976158142,0.27142856802259174,0.4000000059604645,0.05714285799435207,0,0,2025,,273
2,7,4,Lambuk - Ds. Tumingki,Loksado,0.67,2,0,0,0.6700000166893005,0,0,0,0,0,0,0.6700000166893005,1.0000000249094037,0,0,0,0,2025,,274
2,7,5,Malaris - Loapanggang,Loksado,1.58,1.5,0,0,1.5800000429153442,0,0,0,0,0.10000000149011612,0.0632911401836178,1.4800000190734863,0.9367088728313204,0,0,0,0,2025,,275
2,7,6,Jl. Haratai 3 (Balai Kedayang) / SDN Haratai 3,Loksado,5.25,2,0,0,5.25,0,0,1.0499999523162842,0.19999999091738746,1.7999999523162842,0.3428571337745303,1.7000000476837158,0.3238095328921363,0.699999988079071,0.1333333310626802,0,0,2025,,276
2,7,7,Jl. Haratai 2 (Balai Ujung Atas) SDN Haratai2,Loksado,2.7,2,0,0,2.5,0.20000000298023224,0,0,0,2.0999999046325684,0.7777777424565068,0.20000000298023224,0.07407407517786378,0.4000000059604645,0.14814815035572756,0,0,2025,,277
2,7,8,Jl. Bubuih (Ds. Halunuk) - Kandihin,Loksado,2.93,2,0,0,2.930000066757202,0,0,0,0,0,0,2.2300000190734863,0.7610921566803707,0.699999988079071,0.2389078457607751,0,0,2025,,278
2,7,9,Jl. Makam Habib - Desa Lumpangi,Loksado,0.38,1.5,0,0,0.3799999952316284,0,0,0,0,0.3799999952316284,0.9999999874516537,0,0,0,0,0,0,2025,,279
2,8,0,Jl. Datar Belimbing - Muara Kitar,Loksado,4.86,1.5,0,0,3.059999942779541,0,1.7999999523162842,0,0,2.759999990463257,0.5679012326056083,0.30000001192092896,0.061728397514594434,1.7999999523162842,0.3703703605589062,0,0,2025,,280
2,8,1,Jl. Tanginau - Balai Haruyan,Loksado,1.16,1.5,0,0,1.159999966621399,0,0,0,0,0.36000001430511475,0.3103448399182024,0.800000011920929,0.689655182690456,0,0,0,0,2025,,281
2,8,2,Jl. Tataian - (Ds. Ulang) - Loksado,Loksado,0.4,1.5,0,0,0.4000000059604645,0,0,0,0,0.30000001192092896,0.7500000298023224,0,0,0.10000000149011612,0.2500000037252903,0,0,2025,,282
2,8,3,Jl. Ulang - Kacang Parang,Loksado,1.75,2,0,0,1.75,0,0,0,0,0.699999988079071,0.3999999931880406,0.800000011920929,0.45714286395481657,0.25,0.14285714285714285,0,0,2025,,283
2,8,4,Jl. Kacang Parang (Ulang) - Balai Mawak-Kias,Loksado,2.08,1.5,0,0,2.0799999237060547,0,0,0,0,1.1799999475479126,0.5673076670903425,0.800000011920929,0.38461539034660047,0.10000000149011612,0.04807692379332506,0,0,2025,,284
2,8,5,Jl. Kacang Parang (Ulang) - Balai Wariung,Loksado,0.83,1.5,0,0,0.8299999833106995,0,0,0,0,0.8299999833106995,0.9999999798924091,0,0,0,0,0,0,2025,,285
2,8,6,Jl. Loksado - Pantai Dusin,Loksado,2.27,1.5,0,0,2.2699999809265137,0,0,0,0,2.2699999809265137,0.9999999915975831,0,0,0,0,0,0,2025,,286
2,8,7,Jl. Malinau - Kandihin,Loksado,4.16,1.5,0,0,1.2000000476837158,0,2.9600000381469727,0,0,0.20000000298023224,0.04807692379332506,0.699999988079071,0.16826922790362284,3.2600000500679016,0.7836538581893994,0,0,2025,,287
2,8,8,Jl. Ulang - Bangkaun,Loksado,3.56,1.5,0,0,3.559999942779541,0,0,0,0,1.3600000143051147,0.382022475928403,0,0,2.200000047683716,0.6179775414841898,0,0,2025,,288
2,8,9,Bayanan - Habirau Tengah,Daha Selatan,2.86,3.5,2.859999895095825,0,0,0,0,0.20000000298023224,0.06993007097210918,1.2999999523162842,0.45454543787282664,0.30000001192092896,0.10489510906326188,1.059999942779541,0.37062935062221714,0,0,2025,,289
2,9,0,Tumbukan Banyu - Banua Hanyar,Daha Selatan,5,3.5,5,0,0,0,0,5,1,0,0,0,0,0,0,0,0,2025,,290
2,9,1,Jl. Satria ,Daha Selatan,0.37,3,0.3700000047683716,0,0,0,0,0.3700000047683716,1.0000000128874909,0,0,0,0,0,0,0,0,2025,,291
2,9,2,Jl. Musyawarah,Daha Selatan,0.41,3.5,0.4099999964237213,0,0,0,0,0.4099999964237213,0.9999999912773692,0,0,0,0,0,0,0,0,2025,,292
2,9,3,Jl. Sekolah Islam,Daha Selatan,0.4,3.5,0.4000000059604645,0,0,0,0,0.4000000059604645,1.0000000149011612,0,0,0,0,0,0,0,0,2025,,293
2,9,4,Jl. Habib,Daha Selatan,0.32,3,0.3199999928474426,0,0,0,0,0.3199999928474426,0.9999999776482582,0,0,0,0,0,0,0,0,2025,,294
2,9,5,Jl. Mawar,Daha Selatan,0.27,3.5,0.27000001072883606,0,0,0,0,0,0,0,0,0.27000001072883606,1.0000000397364297,0,0,0,0,2025,,295
2,9,6,Jl. Inst. PDAM Negara,Daha Selatan,0.26,3.5,0.25999999046325684,0,0,0,0,0,0,0.1599999964237213,0.6153846016296973,0.10000000149011612,0.38461539034660047,0,0,0,0,2025,,296
2,9,7,Jl. Gerilya / (Depan PUSTU Habirau),Daha Selatan,0.24,3.5,0.23999999463558197,0,0,0,0,0,0,0,0,0,0,0.23999999463558197,0.9999999776482582,0,0,2025,,297
2,9,8,Jl. Harapan (SDN Habirau II)/ Sei. Palangan,Daha Selatan,0.21,3,0.20999999344348907,0,0,0,0,0,0,0,0,0.20999999344348907,0.9999999687785195,0,0,0,0,2025,,298
2,9,9,Samuda - Bajayau,Daha Selatan - Daha Barat,8.5,3.5,8.5,0,0,0,0,5,0.5882352941176471,0.699999988079071,0.08235293977400836,0.699999988079071,0.08235293977400836,2.0999999046325684,0.24705881230971394,0,0,2025,,299
3,0,0,Jl. Tambangan - Ds. Baruh Jaya,Daha Selatan - Daha Utara,2.23,3,0.10000000149011612,0,1.0299999713897705,0.20000000298023224,0.8999999761581421,0,0,0,0,0.6299999952316284,0.2825112086240486,1.600000023841858,0.7174887999290843,0,0,2025,,300
3,0,1,Muning Tengah - Batang Alai (Pihanin Raya),Daha Selatan,5.26,3,0,0,0,0.30000001192092896,4.960000038146973,0,0,0,0,0,0,5.260000228881836,1.0000000435136571,0,0,2025,,301
3,0,2,Muning Tengah - Ds. Muning Dalam,Daha Selatan,17.11,3,0,0,0,0,17.110000610351562,0,0,0,0,0,0,17.110000610351562,1.000000035672213,0,0,2025,,302
3,0,3,SP.4 Banjarbaru - Pasar Negara,Daha Selatan,0.66,3.5,0.6600000262260437,0,0,0,0,0,0,0.5600000023841858,0.8484848520972511,0.10000000149011612,0.1515151537729032,0,0,0,0,2025,,303
3,0,4,Negara - Tumbukan Banyu,Daha Selatan,0.53,5,0.5299999713897705,0,0,0,0,0.12999999523162842,0.245283009870997,0.30000001192092896,0.5660377583413754,0.10000000149011612,0.18867924809455872,0,0,0,0,2025,,304
3,0,5,SP.4. Banjarbaru - Pihanin Raya,Daha Selatan,1.04,4,1.0399999618530273,0,0,0,0,1.0399999618530273,0.9999999633202186,0,0,0,0,0,0,0,0,2025,,305
3,0,6,Bayanan - Pihanin,Daha Selatan,2.21,3.5,2,0,0,0,0.20999999344348907,0.6000000238418579,0.27149322345785426,0.4000000059604645,0.18099547781016492,0.6000000238418579,0.27149322345785426,0.6099999994039536,0.276018099277807,0,0,2025,,306
3,0,7,Jl. Kantor Camat Daha Selatan II,Daha Selatan,0.32,4,0.3199999928474426,0,0,0,0,0,0,0.3199999928474426,0.9999999776482582,0,0,0,0,0,0,2025,,307
3,0,8,Jl. Sungai Bugundi,Daha Selatan,0.31,3,0,0,0.3100000023841858,0,0,0,0,0,0,0.3100000023841858,1.000000007690922,0,0,0,0,2025,,308
3,0,9,Jl. Tukang Garit (Tambangan),Daha Selatan,0.48,3,0,0,0,0.47999998927116394,0,0,0,0,0,0,0,0.47999998927116394,0.9999999776482582,0,0,2025,,309
3,1,0,Pandak Daun - Baruh Jaya - Samuda,Daha Utara - Daha Selatan,7.33,3.5,7.329999923706055,0,0,0,0,0.20000000298023224,0.027285130010945735,5.099999904632568,0.6957707919007596,1.5299999713897705,0.2087312375702279,0.5,0.06821282401091405,0,0,2025,,310
3,1,1,Sei. Mandala Murung Raya,Daha Utara,2.1,3.5,2.0999999046325684,0,0,0,0,0.10000000149011612,0.04761904832862672,0.30000001192092896,0.14285714853377568,1,0.47619047619047616,0.699999988079071,0.3333333276567005,0,0,2025,,311
3,1,2,Jl. Teluk Haur I,Daha Utara,0.18,3,0.18000000715255737,0,0,0,0,0,0,0,0,0,0,0.18000000715255737,1.00000003973643,0,0,2025,,312
3,1,3,Jl. Teluk Haur II,Daha Utara,0.21,3,0.10000000149011612,0,0,0.10999999940395355,0,0,0,0,0,0,0,0.21000000089406967,1.0000000042574746,0,0,2025,,313
3,1,4,Jl. H.M. Thaib,Daha Utara,0.35,3,0.3499999940395355,0,0,0,0,0,0,0.15000000596046448,0.4285714456013271,0.10000000149011612,0.28571428997176035,0.10000000149011612,0.28571428997176035,0,0,2025,,314
3,1,5,Jl. Kenanga - Ds. Baruh Kambang,Daha Utara,0.31,3,0.3100000023841858,0,0,0,0,0.20000000298023224,0.6451612999362331,0,0,0,0,0.10999999940395355,0.3548387077546889,0,0,2025,,315
3,1,6,Jl. SMAN Negara (KH. Abdullah),Daha Utara,0.34,3.5,0.3400000035762787,0,0,0,0,0.3400000035762787,1.0000000105184665,0,0,0,0,0,0,0,0,2025,,316
3,1,7,Jl. Pertukangan,Daha Utara,0.32,3,0.3199999928474426,0,0,0,0,0.3199999928474426,0.9999999776482582,0,0,0,0,0,0,0,0,2025,,317
3,1,8,Jl. Silaturrahim,Daha Utara,0.28,3,0.2800000011920929,0,0,0,0,0.2800000011920929,1.0000000042574746,0,0,0,0,0,0,0,0,2025,,318
3,1,9,Jl. Habib Ibrahim - Ds. Sei Mandala,Daha Utara,0.17,3,0.17000000178813934,0,0,0,0,0.17000000178813934,1.0000000105184665,0,0,0,0,0,0,0,0,2025,,319
3,2,0,Jl. Sukaramai - Keramat,Daha Utara,0.73,3,0.7300000190734863,0,0,0,0,0.7300000190734863,1.0000000261280635,0,0,0,0,0,0,0,0,2025,,320
3,2,1,Jl. Pakan Dalam I,Daha Utara,0.32,3.5,0.3199999928474426,0,0,0,0,0,0,0.3199999928474426,0.9999999776482582,0,0,0,0,0,0,2025,,321
3,2,2,Jl. Pakan Dalam II,Daha Utara,0.29,3.5,0.28999999165534973,0,0,0,0,0,0,0.28999999165534973,0.999999971225344,0,0,0,0,0,0,2025,,322
3,2,3,Jl. Pakan Dalam III,Daha Utara,0.28,3.5,0.2800000011920929,0,0,0,0,0,0,0.2800000011920929,1.0000000042574746,0,0,0,0,0,0,2025,,323
3,2,4,Jl. Paramaian,Daha Utara,0.3,3,0.20000000298023224,0,0,0.10000000149011612,0,0,0,0,0,0,0,0.30000000447034836,1.0000000149011612,0,0,2025,,324
3,2,5,Jl. MIN Pandak Daun,Daha Utara,0.3,3,0.10000000149011612,0,0,0.20000000298023224,0,0,0,0.10000000149011612,0.3333333383003871,0,0,0.20000000298023224,0.6666666766007742,0,0,2025,,325
3,2,6,Jl. Pesantren Muradiyah,Daha Utara,0.27,3,0.27000001072883606,0,0,0,0,0,0,0.27000001072883606,1.0000000397364297,0,0,0,0,0,0,2025,,326
3,2,7,Pandak Daun (Buntut Muradiyah) - Pakan Dalam,Daha Utara,1.65,3.5,0,0,0,0,1.649999976158142,0,0,0,0,0,0,1.649999976158142,0.9999999855503892,0,0,2025,,327
3,2,8,Pakan Dalam - Kaminting Batu,Daha Utara,1.82,3,1.5,0,0.3199999928474426,0,0,0.20000000298023224,0.10989011152760013,0.800000011920929,0.4395604461104005,0.2199999988079071,0.12087912022412478,0.6000000238418579,0.3296703427702516,0,0,2025,,328
3,2,9,Jl. Samping Kantor Camat Daha Utara,Daha Utara,0.15,3.5,0.15000000596046448,0,0,0,0,0,0,0.15000000596046448,1.00000003973643,0,0,0,0,0,0,2025,,329
3,3,0,Jl. Gang Bidan (Ds. Tambak Bitin),Daha Utara,0.57,3,0,0,0.5700000077486038,0,0,0.5699999928474426,0.9999999874516539,0,0,0,0,0,0,0,0,2025,,330
3,3,1,Jl. Cangkingan Herman,Daha Utara,0.32,3,0.3199999928474426,0,0,0,0,0,0,0.20000000298023224,0.6250000093132257,0.10000000149011612,0.3125000046566129,0.019999999552965164,0.06249999860301614,0,0,2025,,331
3,3,2,Jl. Kampung Kawat,Daha Utara,0.33,3,0.33000001311302185,0,0,0,0,0,0,0,0,0,0,0.33000001311302185,1.0000000397364297,0,0,2025,,332
3,3,3,Jl. Kaminting Batu,Daha Utara,0.35,3,0.3499999940395355,0,0,0,0,0,0,0,0,0,0,0.3499999940395355,0.9999999829701015,0,0,2025,,333
3,3,4,Jl. Hamayung - Hakurung Dalam,Daha Utara,4.1,3,0,0,2.4000000953674316,0,1.7000000476837158,0,0,0.10000000149011612,0.02439024426588198,1.399999976158142,0.34146340881905907,2.600000023841858,0.6341463472785019,0,0,2025,,334
3,3,5,Simpang Jadi Makmur - Ds. Samuda,Daha Utara,0.66,2,0,0,0.6600000262260437,0,0,0,0,0.6600000262260437,1.0000000397364297,0,0,0,0,0,0,2025,,335
3,3,6,Jl. Sakincung - Ds. Hakurung Dalam,Daha Utara,1.34,2,0,0,1.0399999618530273,0,0.30000001192092896,0,0,0.3400000035762787,0.2537313459524468,0.6000000238418579,0.447761211822282,0.4000000134110451,0.29850747269480976,0,0,2025,,336
3,3,7,Jl. Hakurung Dalam - Ds. Sungai Haji,Daha Utara,0.57,3,0,0,0.5699999928474426,0,0,0,0,0.27000001072883606,0.47368422934883525,0.10000000149011612,0.17543859910546689,0.20000000298023224,0.35087719821093377,0,0,2025,,337
3,3,8,Jl. Siang Gantung - Ds. Baru,Daha Barat,6.93,3.609999895095825,3.5999999046325684,0,1.9299999475479126,1.399999976158142,0,0,0,1.9299999475479126,0.27849927093043475,0.6000000238418579,0.08658009002047012,4.399999976158142,0.6349206314802515,0,0,2025,,338
3,3,9,Jl. Baru - Ds. Bajayau,Daha Barat,2.33,4,0,0,0,0,2.3299999237060547,0,0,0,0,0,0,2.3299999237060547,0.9999999672558174,0,0,2025,,339
3,4,0,Jl. Bajayau - Ds. Bajayau Tengah,Daha Barat,7.58,3.5,3,0,0,0,4.579999923706055,2.0999999046325684,0.27704484229981113,0.4000000059604645,0.052770449335153624,0.10000000149011612,0.013192612333788406,4.979999929666519,0.6569920751538944,0,0,2025,,340
3,4,1,Jl. Banua Hanyar - Ds. Tanjung Selor,Daha Barat,5.61,3,0,0,0,0,5.610000133514404,0,0,0,0,0,0,5.610000133514404,1.000000023799359,0,0,2025,,341
3,4,2,Jl. Tanjung Selor - Ds. Badaun,Daha Barat,8.03,3,0,0,0,0,8.029999732971191,0,0,0,0,0,0,8.029999732971191,0.9999999667461011,0,0,2025,,342
3,4,3,Jl. Badaun - Ds. Bjayau Lama,Daha Barat,3.1,3,0,0,0,0,3.0999999046325684,0,0,0,0,0,0,3.0999999046325684,0.9999999692363123,0,0,2025,,343
3,4,4,Jl. Goha - Ds. Amawang Kanan,Kandangan,0.7,3.5,0.699999988079071,0,0,0,0,0.699999988079071,0.9999999829701015,0,0,0,0,0,0,0,0,2025,,344
3,4,5,Jl. Al - Ikhlas - Ds. Baluti,Kandangan,0.38,3.5,0.3799999952316284,0,0,0,0,0.3799999952316284,0.9999999874516537,0,0,0,0,0,0,0,0,2025,,345
3,4,6,Jl. Angkakai - Ds. Amawang Kiri,Kandangan,0.4,3.5,0.4000000059604645,0,0,0,0,0.4000000059604645,1.0000000149011612,0,0,0,0,0,0,0,0,2025,,346
3,4,7,Jl. Anjiran Rantauan - Ds. Taniran Tengah,Angkinang,1.21,3.5,0.7099999785423279,0,0,0.5,0,0,0,0,0,0,0,1.2099999785423279,0.9999999822663868,0,0,2025,,347
3,4,8,Jl. Asam Duhat - Ds. Pantai Ulin,Simpur,1.11,3.5,0,0,0,1.1100000143051147,0,0,0,0,0,0,0,1.1100000143051147,1.0000000128874906,0,0,2025,,348
3,4,9,Jl. Pertanian - Ds. Wasah Tengah,Simpur,0.36,3,0.36000001430511475,0,0,0,0,0.10000000149011612,0.2777777819169892,0.25999999046325684,0.722222195731269,0,0,0,0,0,0,2025,,349
3,5,0,Jl. Keramat Sakti - Ds. Tebing Tinggi,Simpur,0.69,3,0.6000000238418579,0,0,0,0.09000000357627869,0.20000000298023224,0.2898550767829453,0.4000000059604645,0.5797101535658906,0,0,0.09000000357627869,0.13043478779170825,0,0,2025,,350
