geometry_road_name,geometry_legacy_ref,resolved_key,dd2_feature_found,lookup_method,matched_dd2_name,reason_if_missing
"Jl. Haritas (PT. Pertani)","ruas_001","haritas pt pertani",true,"direct","Haritas (PT. Pertani)",""
"Taal Batang Kulur - SP.3 Muara Paring Agung","ruas_002","taal batang kulur - sp 3 muara prg agung",true,"te_local_alias","Taal Batang Kulur - Sp. 3 Muara Prg Agung",""
"Malilingin - Lokbahan - Paniungan","ruas_003","malilingin - lokbahan - paniungan",true,"direct","Malilingin - Lokbahan - Paniungan",""
"Muara Pipii - Tambak Pipii","ruas_004","muara pipii - tambak pipii",true,"direct","Muara Pipii - Tambak Pipii",""
"Jl. Hariti - Sungai Raya Selatan","ruas_005","hariti - sungai raya selatan",true,"direct","Hariti - Sungai Raya Selatan",""
"Batulaki - Muara Pipii","ruas_006","batu laki - muara pipii",true,"te_local_alias","Batu Laki - Muara Pipii",""
"Simpang Malutu - Tambak","ruas_007","simpang malutu - tambak",true,"direct","Simpang Malutu - Tambak",""
"Ida Manggala - Padang Makmur","ruas_008","ida manggala - padang makmur",true,"direct","Ida Manggala - Padang Makmur",""
"Sungai Raya Selatan - Malutu - Goa Berangin","ruas_009","sungai raya selatan - malutu - goa berangin",true,"direct","Sungai Raya Selatan - Malutu - Goa Berangin",""
"Taal Jarau - SP. Baru/Tampang","ruas_010","taal jarau - sp baru tampang",true,"direct","Taal Jarau - Sp. Baru/Tampang",""
"SP.4 Mesjid Sirih -  Sarang Nyamuk - Asam Tamiyang","ruas_011","sp 4 mesjid sirih - sarang nyamuk - asam tamiyang",true,"direct","SP.4 Mesjid Sirih - Sarang Nyamuk - Asam Tamiyang",""
"SP.4 Baru/Tampang - SP. Biluy Pamujaan","ruas_012","sp 4 baru tampang - sp bilui pamujaan",true,"te_local_alias","Sp. 4 Baru/Tampang - Sp. Bilui Pamujaan",""
"Tambak Pipii - Malilingin","ruas_013","tambak pipii - malilingin",true,"direct","Tambak Pipii - Malilingin",""
"Batang Kulur Kanan - Sarangan","ruas_014","batang kulur kanan - sarangan",true,"direct","Batang Kulur Kanan - Sarangan",""
"Pandulangan - Kalinduku","ruas_015","pandulangan - kalinduku",true,"direct","Pandulangan - Kalinduku",""
"Madang - Ambutun","ruas_016","madang - ambutun",true,"direct","Madang - Ambutun",""
"Jl. Sungai Raya Utara-Teluk Pinang","ruas_017","sungai raya utara - teluk pinang",true,"direct","Sungai Raya Utara - Teluk Pinang",""
"Jl. Guru H. Izim","ruas_018","guru h izim - desa pantai ulin",true,"alias","Guru H. Izim - Ds. Pantai Ulin",""
"Sungai Kudung - Kalinduku","ruas_019","sungai kudung - kalinduku",true,"direct","Sungai Kudung - Kalinduku",""
"SP. Mandampa Telaga Sili-Sili - SP. Sungai Bungur","ruas_020","sp mandampa tel sili - sili - sp sei bungur",true,"alias","Sp. Mandampa Tel. Sili-Sili - Sp. Sei. Bungur",""
"Jl. Sungai Karuh Tembus Tawar","ruas_021","sungai karuh",true,"manual_alias","Sungai Karuh",""
"Jl. Sungai Kacil I - Kapuh Padang","ruas_022","sungai kacil i - kapuh padang",true,"direct","Sungai Kacil I - Kapuh Padang",""
"Wasah Hilir - Amparaya","ruas_023","wasah hilir - amparaya",true,"direct","Wasah Hilir - Amparaya",""
"Tibung Raya - Hamalau Dalam","ruas_024","tibung raya - hamalau dalam",true,"direct","Tibung Raya - Hamalau Dalam",""
"Jl. Mondar (Ulin - Pantai Ulin)","ruas_025","mondar ulin - pantai ulin - desa ulin",true,"alias","Mondar (Ulin-Pantai Ulin) - Ds. Ulin",""
"Jl. Brigjend. Katamso","ruas_026","brigjen katamso",true,"alias","Brigjen Katamso",""
"Jl. Kenanga","ruas_027","kenanga",true,"direct","Kenanga",""
"Bariang - Getek","ruas_028","bariang - getek",true,"direct","Bariang - Getek",""
"Jl. Parindra","ruas_029","parindra",true,"direct","Parindra",""
"Panjampang Bahagia - Hanau","ruas_030","panjampang bahagia - hanau",true,"direct","Panjampang Bahagia - Hanau",""
"Jl. Kalimput Ds. Wasah Hilir","ruas_031","kalimput desa wasah hilir",true,"direct","Kalimput Desa Wasah Hilir",""
"Tanjungan - SP.3 Sakijang","ruas_032","tanjungan - sp 3 sakijang",true,"direct","Tanjungan - Sp. 3 Sakijang",""
"Jl. Teluk Mesjid - SP.4 Muara Banta","ruas_033","teluk mesjid - sp 4 muara banta",true,"direct","Teluk Mesjid - Sp. 4 Muara Banta",""
"Jl. Balanti - (Ex. P3DT)","ruas_034","balanti - ex p3dt",true,"direct","Balanti - (Ex. P3DT)",""
"Jl. Mawar","ruas_035","mawar kandangan utara",true,"manual_ref_alias","Mawar (Kandangan Utara)",""
"Jl. Panglima Batur","ruas_036","panglima batur",true,"direct","Panglima Batur",""
"Jl. Taminung","ruas_037","taminung",true,"direct","Taminung",""
"Jl. Musyawarah","ruas_038","musyawarah kandangan",true,"manual_ref_alias","Musyawarah (Kandangan)",""
"Jl. Amparaya-Karangan - Hanau","ruas_039","amparaya - karangan - hanau",true,"direct","Amparaya - Karangan - Hanau",""
"Paku (Jambu Hulu) - Ganda","ruas_040","paku jambu hulu - ganda",true,"direct","Paku (Jambu Hulu) - Ganda",""
"Kalumpang - Balimau","ruas_041","kalumpang - balimau",true,"direct","Kalumpang - Balimau",""
"Sungai Damang - Amawang Kiri","ruas_042","sungai damang - amawang kiri",true,"direct","Sungai Damang - Amawang Kiri",""
"Jl. Balaimas - Hanau","ruas_043","balaimas - hanau",true,"direct","Balaimas - Hanau",""
"Jl. Samping Bappeda - Mesjid Darul Halik","ruas_044","samping bappeda - mesjid darul halik",true,"direct","Samping Bappeda - Mesjid Darul Halik",""
"Hamalau - Anjiran","ruas_045","hamalau - anjiran",true,"direct","Hamalau - Anjiran",""
"Sungai Raya Selatan - Sarang Halang","ruas_046","sungai raya selatan - sarang halang",true,"direct","Sungai Raya Selatan - Sarang Halang",""
"Kalumpang - Baruh","ruas_047","kalumpang - baruh",true,"direct","Kalumpang - Baruh",""
"Sirih - Taro","ruas_048","sirih - taro",true,"direct","Sirih - Taro",""
"Jl. Anggrek","ruas_049","anggrek",true,"direct","Anggrek",""
"Sarang Halang Padang - SP Batang Kulur","ruas_050","sarang halang padang - sp batang kulur",true,"direct","Sarang Halang Padang - Sp. Batang Kulur",""
"Jl. Halaban","ruas_051","halaban",true,"direct","Halaban",""
"Tajun - SP.3 Muara Paring Agung","ruas_052","tajun - sp 3 muara paring agung",true,"direct","Tajun - Sp.3 Muara Paring Agung",""
"SP.3 Bukuanin - Riam Talo","ruas_053","sp 3 bukuanin - riam talo",true,"direct","Sp.3 Bukuanin - Riam Talo",""
"Wasah Hilir - Sarang Halang","ruas_054","wasah hilir - sarang halang",true,"direct","Wasah Hilir - Sarang Halang",""
"Jl. Teratai Menuju Komplek Perumnas Hamalau","ruas_055","teratai menuju komplek perumnas hamalau",true,"direct","Teratai Menuju Komplek Perumnas Hamalau",""
"Kalumpang (Ds. Belanti) - Teratai","ruas_056","kalumpang desa balanti - teratai",true,"te_local_alias","Kalumpang (Ds. Balanti) - Teratai",""
"Karang Jawa - Ambarai - Sungai Bungur","ruas_057","karang jawa - ambarai - sungai bungur",true,"direct","Karang Jawa -Ambarai - Sungai Bungur",""
"JL. Kolonel Sugiono","ruas_058","kolonel sugiono",true,"direct","Kolonel Sugiono",""
"Tanjungan - SP.10 Batang Kulur - Sungai Kali","ruas_059","tanjungan - sp 10 batang kulur - sungai kali",true,"direct","Tanjungan - Sp. 10 Batang Kulur - Sungai Kali",""
"Jl. Padang Palas","ruas_060","padang palas",true,"direct","Padang Palas",""
"Jl. Tungkaran","ruas_061","tungkaran - desa ulin",true,"alias","Tungkaran - Ds. Ulin",""
"Hamalau - Telaga Bidadari - Wasah Hilir","ruas_062","hamalau - telaga bidadari - wasah hilir",true,"direct","Hamalau - Telaga Bidadari - Wasah Hilir",""
"Jl. Budi Bakti - Tiga Desember","ruas_063","budi bakti - tiga desember",true,"direct","Budi Bakti - Tiga Desember",""
"Jl. Binjai (Sirih Hulu) - Ds. Seranggan","ruas_064","binjai sirih hulu - desa seranggan",true,"direct","Binjai (Sirih Hulu) - Ds. Seranggan",""
"Jl. Soeprapto - Jl. HM. Rusli","ruas_065","soeprapto - h m rusli",true,"alias","Soeprapto - H.M Rusli",""
"Simpur - SP.3 Muara Paring Agung","ruas_066","simpur - sp 3 muara paring agung",true,"direct","Simpur - Sp. 3 Muara Paring Agung",""
"Tembok Lama - Loklua","ruas_067","tembok lama - loklua",true,"direct","Tembok Lama - Loklua",""
"Pegangsaan Timur - Teluk Aman","ruas_068","pegangsaan timur - teluk aman",true,"direct","Pegangsaan Timur - Teluk Aman",""
"Jl. Muning Tengah - Muning Dalam","ruas_069","muning tengah - desa muning dalam",true,"alias","Muning Tengah - Ds. Muning Dalam",""
"Panjampang Bahagia - Bayur","ruas_070","panjampang bahagia - bayur",true,"direct","Panjampang  Bahagia - Bayur",""
"Jl. Malinau - Kandihin","ruas_071","malinau - kandihin",true,"direct","Malinau - Kandihin",""
"Sungai Raya - Jambu Hulu/Paku","ruas_072","sungai raya - jambu hulu paku",true,"direct","Sungai Raya - Jambu Hulu/Paku",""
"Teluk Pinang - Padang Rasau","ruas_073","teluk pinang - padang rasau",true,"direct","Teluk Pinang - Padang Rasau",""
"Jl. Papagaran/Pelangsatan","ruas_074","papagaran palangsatan",true,"alias","Papagaran/Palangsatan",""
"Tanayung - Simpang Ambarai","ruas_075","tanayung - simp ambarai",true,"te_local_alias","Tanayung - Simp. Ambarai",""
"Tabihi - Telaga Langsat","ruas_076","tabihi - telaga langsat",true,"direct","Tabihi - Telaga Langsat",""
"Jl. Rambai - Bariang","ruas_077","rambai - bariang",true,"direct","Rambai - Bariang",""
"Singakarsa - Palas","ruas_078","singakarsa - palas",true,"direct","Singakarsa - Palas",""
"Karasikan - Sarang Halang","ruas_079","karasikan - sarang halang",true,"direct","Karasikan - Sarang Halang",""
"Jl. Hamalau - Ganda","ruas_080","hamalau - ganda",true,"direct","Hamalau - Ganda",""
"Ulin - Tanggul (Balai Mas)","ruas_081","ulin - tanggul balai mas",true,"direct","Ulin - Tanggul (Balai Mas)",""
"Jl. Tanuhi - Hulu Banyu","ruas_082","tanuhi - hulu banyu",true,"direct","Tanuhi - Hulu Banyu",""
"Jl. Sekolah Islam","ruas_083","sekolah islam kandangan barat",true,"manual_ref_alias","Sekolah Islam (Kandangan Barat)",""
"Gambah Dalam - Rantauan","ruas_084","gambah dalam - rantauan",true,"direct","Gambah Dalam - Rantauan",""
"Simpur - Simpang Bilui","ruas_085","simpur - simp bilui",true,"te_local_alias","Simpur - Simp. Bilui",""
"Jl. Mangamol","ruas_086","mangamol - desa pantai ulin",true,"alias","Mangamol - Ds. Pantai Ulin",""
"Jl. Batang Kulur Kiri - Durian Landung","ruas_087","batang kulur kiri - durian landung",true,"direct","Batang Kulur Kiri - Durian Landung",""
"Jl. Jangkang - Pantai Ulin","ruas_088","jangkang - pantai ulin",true,"direct","Jangkang - Pantai Ulin",""
"Jl. Aluh Idut","ruas_089","aluh idut",true,"direct","Aluh Idut",""
"Baluti - Jambu Hulu/Paku","ruas_090","baluti - jambu hulu paku",true,"direct","Baluti - Jambu Hulu (Paku)",""
"Kandangan Hulu - SP. Tabihi","ruas_091","kandangan hulu - sp tabihi",true,"direct","Kandangan Hulu - Sp. Tabihi",""
"Jl. Pemuda","ruas_092","pemuda",true,"direct","Pemuda",""
"Pagat Batu - Muara Hariang","ruas_093","pagat batu - muara hariang",true,"direct","Pagat Batu - Muara Hariang",""
"Jl. Halayung - Hantarukung","ruas_094","halayung - hantarukung",true,"direct","Halayung - Hantarukung",""
"Gambah Luar - Gambah Dalam","ruas_095","gambah luar - gambah dalam",true,"direct","Gambah Luar - Gambah Dalam",""
"Teluk Pinang - Baluti","ruas_096","teluk pinang - baluti",true,"direct","Teluk Pinang - Baluti",""
"Jl. Pangeran Antasari - SP. Loklua","ruas_097","pangeran antasari - loklua",true,"alias","Pangeran Antasari - Loklua",""
"Bakarung Tengah - Karang Jawa","ruas_098","bakarung tengah - karang jawa",true,"direct","Bakarung Tengah - Karang Jawa",""
"Parincahan - Singakarsa (Jl. Harapan)","ruas_099","parincahan - singakarsa harapan",true,"direct","Parincahan - Singakarsa (Harapan)",""
"Loksado - Haratai","ruas_100","loksado - haratai",true,"direct","Loksado - Haratai",""
"Wasah Tengah - Sungai Tarap","ruas_101","wasah tengah - sungai tarap",true,"direct","Wasah Tengah - Sungai Tarap",""
"Bakarung - Tabihi -Karang Jawa","ruas_102","bakarung - tabihi - karang jawa",true,"direct","Bakarung -Tabihi - Karang Jawa",""
"Jl. Kalaka Indah - Perumnas Tibung","ruas_103","kalaka indah - perumnas tibung",true,"direct","Kalaka Indah - Perumnas Tibung",""
"Teluk Pinang - Pahampangan Utara","ruas_104","teluk pinang - pahampangan utara",true,"direct","Teluk Pinang - Pahampangan Utara",""
"SP.4. Banjarbaru - Pihanin Raya","ruas_105","sp 4 banjarbaru - pihanin raya",true,"direct","SP.4. Banjarbaru - Pihanin Raya",""
"Angkinang Selatan - Tawia - Wawaran","ruas_106","angkinang selatan - tawia - wawaran",true,"direct","Angkinang Selatan - Tawia - Wawaran",""
"Bamban Selatan - Pakuan","ruas_107","bamban selatan - pakuan",true,"direct","Bamban Selatan - Pakuan",""
"Bayanan - Pihanin","ruas_108","bayanan - pihanin",true,"direct","Bayanan - Pihanin",""
"Sei. Kupang Utara - SP.4 Lungau","ruas_109","sei kupang utara - sp 4 lungau",true,"alias","Sei Kupang Utara - Simp. Empat Lungau",""
"Sei. Mandala - Murung Raya","ruas_110","sei mandala murung raya",true,"te_local_alias","Sei. Mandala Murung Raya",""
"Bamban Utara - Longawang","ruas_111","bamban utara - longawang",true,"direct","Bamban Utara - Longawang",""
"Sp.4 Lungau - Garis","ruas_112","sp 4 lungau - garis",true,"alias","Sp. Empat Lungau - Garis",""
"Jl. Kampung Kawat","ruas_113","kampung kawat",true,"direct","Kampung Kawat",""
"Mandampa - Longawang","ruas_114","mandampa - longawang",true,"direct","Mandampa - Longawang",""
"Jl. Kayu Abang - Ds. Anjiran","ruas_115","kayu abang - desa anjiran",true,"direct","Kayu Abang - Ds. Anjiran",""
"Gumbil - Masimpan","ruas_116","gumbil - masimpan",true,"direct","Gumbil - Masimpan",""
"Jl. Cakingan Herman","ruas_117","cangkingan herman",true,"alias","Cangkingan Herman",""
"Jl. Tambangan - Ds. Baruh Jaya","ruas_118","tambangan - desa baruh jaya",true,"direct","Tambangan - Ds. Baruh Jaya",""
"Pandak Daun - Baruh Jaya - Samuda","ruas_119","pandak daun - baruh jaya - samuda",true,"direct","Pandak Daun - Baruh Jaya - Samuda",""
"Pakan Dalam II","ruas_120","pakan dalam ii",true,"direct","Pakan Dalam II",""
"Pakan Dalam - Keminting Batu","ruas_121","pakan dalam - kaminting batu",true,"te_local_alias","Pakan Dalam - Kaminting Batu",""
"Jl. Satria","ruas_122","satria",true,"direct","Satria",""
"SP.4 Lungau - Bangkau","ruas_123","sp 4 lungau - bangkau",true,"alias","Sp. Empat Lungau - Bangkau",""
"Pakan Dalam III","ruas_124","pakan dalam iii",true,"direct","Pakan Dalam III",""
"Jl. Pandak Daun (Buntut Muradiyah) - Pakan Dalam","ruas_125","pandak daun buntut muradiyah - pakan dalam",true,"direct","Pandak Daun (Buntut Muradiyah) - Pakan Dalam",""
"Angkinang - Kayu Abang - Panggang Hijau","ruas_126","angkinang - kayu abang - panggang hijau",true,"direct","Angkinang - Kayu Abang - Panggang Hijau",""
"Tumbukan Banyu - Banua Hanyar","ruas_127","tumbukan banyu - banua hanyar",true,"direct","Tumbukan Banyu - Banua Hanyar",""
"Longawang - Gumbil","ruas_128","longawang - gumbil",true,"direct","Longawang - Gumbil",""
"Jl. Mawar","ruas_129","mawar daha selatan",true,"manual_ref_alias","Mawar (Daha Selatan)",""
"Angkinang - Telaga Langsat","ruas_130","angkinang - telaga langsat",true,"direct","Angkinang - Telaga Langsat",""
"Hakurung Dalam - Ds. Sungai haji","ruas_131","hakurung dalam - desa sungai haji",true,"direct","Hakurung Dalam - Ds. Sungai Haji",""
"Jl. Siang Gantung - Ds. Baru","ruas_132","siang gantung - desa baru",true,"direct","Siang Gantung - Ds. Baru",""
"Jl. Tukang Garit","ruas_133","tukang garit tambangan",true,"alias","Tukang Garit (Tambangan)",""
"Jl. Keminting Batu","ruas_134","kaminting batu",true,"alias","Kaminting Batu",""
"Jl. Baru - Ds. Bajayau","ruas_135","baru - desa bajayau",true,"direct","Baru - Ds. Bajayau",""
"Jl. Instalasi PDAM Negara","ruas_136","inst pdam negara",true,"alias","Inst. PDAM Negara",""
"SP.4 Banjarbaru - Pasar Negara","ruas_137","sp 4 banjarbaru - pasar negara",true,"direct","SP.4 Banjarbaru - Pasar Negara",""
"Pakan Dalam I","ruas_138","pakan dalam i",true,"direct","Pakan Dalam I",""
"Jl. Sekolah Islam","ruas_139","sekolah islam sungai pinang",true,"manual_ref_alias","Sekolah Islam (Sungai Pinang)",""
"Telaga Langsat - Pakuan Timur","ruas_140","telaga langsat - pakuan timur",true,"direct","Telaga Langsat - Pakuan Timur",""
"Jl. Hamayung - Ds. Hakurung Dalam","ruas_141","hamayung - hakurung dalam",true,"alias","Hamayung - Hakurung Dalam",""
"Bamban Tengah - Lok Nyiur","ruas_142","bamban tengah - lok nyiur",true,"direct","Bamban Tengah - Lok Nyiur",""
"Mawangi - Pariangan","ruas_143","mawangi - pariangan",true,"direct","Mawangi - Pariangan",""
"Wasah Hulu - Amparaya - Simpur","ruas_144","wasah hulu - amparaya - simpur",true,"direct","Wasah Hulu - Amparaya - Simpur",""
"Banyu Barau - Sungai Kalang","ruas_145","banyu barau - sei kalang",true,"te_local_alias","Banyu Barau - Sei Kalang",""
"Jl. Amawang Kanan - Wasah Hulu","ruas_146","amawang kanan - wasah hulu",true,"direct","Amawang Kanan - Wasah Hulu",""
"Sungai Paring - Sei Hanyar Pantai Ulin","ruas_147","sungai paring - sei hanyar pantai ulin",true,"direct","Sungai Paring - Sei Hanyar Pantai Ulin",""
"SP.3 Baluti - Amawang","ruas_148","sp 3 baluti - amawang",true,"direct","Sp. 3 Baluti - Amawang",""
"Jl. Nusa Indah","ruas_149","nusa indah",true,"direct","Nusa Indah",""
"Hamak Timur - Umpaya","ruas_150","hamak timur - umpaya",true,"direct","Hamak Timur - Umpaya",""
"Jl. Jafri Zamzam","ruas_151","jafri zamzam",true,"direct","Jafri Zamzam",""
"Jl. Bago Tanggul - Katilang - Teratai","ruas_152","bago tanggul - katilang - teratai",true,"direct","Bago Tanggul - Katilang - Teratai",""
"Gambah Luar - Sungai Kudung","ruas_153","gambah luar - sungai kudung",true,"direct","Gambah Luar - Sungai Kudung",""
"Mawangi - Bukuanin - Telaga Langsat","ruas_154","mawangi - bukuanin - telaga langsat",true,"direct","Mawangi - Bukuanin - Telaga Langsat",""
"Jl. Karang Intan - Tanah Bangkang","ruas_155","karang intan - tanah bangkang",true,"direct","Karang Intan - Tanah Bangkang",""
"Loksado - Loklahung","ruas_156","loksado - loklahung",true,"direct","Loksado - Loklahung",""
"Amawang Muka - Getek","ruas_157","amawang muka - getek",true,"direct","Amawang Muka - Getek",""
"Mandapai - Madang","ruas_158","mandapai - madang",true,"direct","Mandapai - Madang",""
"Ambarai - Madang","ruas_159","ambarai - madang",true,"direct","Ambarai - Madang",""
"Jl. DI. Panjaitan - Loklua","ruas_160","di panjaitan - loklua",true,"direct","DI. Panjaitan - Loklua",""
"Jl. Niagara (Ds. Halunuk) - Ayan","ruas_161","niagara desa halunuk - ayan",true,"direct","Niagara (Ds. Halunuk) - Ayan",""
"Jl. Soetoyo - Teluk Mesjid","ruas_162","soetoyo - teluk mesjid",true,"direct","Soetoyo - Teluk Mesjid",""
"Paharuangan - Sungai Raya Selatan","ruas_163","paharuangan - sei raya selatan",true,"te_local_alias","Paharuangan - Sei. Raya Selatan",""
"SP. Batang Kulur Kiri - Tatas","ruas_164","sp batang kulur kiri - tatas",true,"direct","Sp. Batang Kulur Kiri - Tatas",""
"Jl. Rahma Bahran","ruas_165","rahmah bahran",true,"alias","Rahmah Bahran",""
"Jl. Kamboja","ruas_166","kamboja",true,"direct","Kamboja",""
"Jl. Dahlia","ruas_167","dahlia",true,"direct","Dahlia",""
"Jl. KS. Tubun","ruas_168","ks tubun",true,"direct","KS. Tubun",""
"Jl. Pasar Kandangan - Oprit Jembatan Loklua","ruas_169","pasar kandangan - oprit jembt loklua",true,"te_local_alias","Pasar Kandangan - Oprit Jembt. Loklua",""
"Jl. Kesehatan - Komp. Rumah Dokter","ruas_170","kesehatan - komp rmh dokter",true,"alias","Kesehatan - Komp. Rmh Dokter",""
"Jl. Bina Bakat","ruas_171","bina bakat",true,"direct","Bina Bakat",""
"Jl. AES. Nasution","ruas_172","aes nasution",true,"direct","AES Nasution",""
"Sungai Paring - Toba","ruas_173","sungai paring - toba",true,"direct","Sungai Paring - Toba",""
"Tibung Raya - Asam Cangkok","ruas_174","tibung raya - asam cangkuk",true,"te_local_alias","Tibung Raya - Asam Cangkuk",""
"Muara Banta - Karang Jawa","ruas_175","muara banta - karang jawa",true,"direct","Muara Banta - Karang Jawa",""
"Jl. Mesjid Kuba","ruas_176","mesjid quba",true,"alias","Mesjid Quba",""
"Jl. RS. Hasan Basry II","ruas_177","rs hasan basry ii",true,"direct","RS. Hasan Basry II",""
"Bumi Berkat - Mungkur Galah","ruas_178","bumi berkat - mungkur galah",true,"direct","Bumi Berkat - Mungkur Galah",""
"Jl. Matang Gadung - Halalang","ruas_179","matang gadung - halalang",true,"direct","Matang Gadung - Halalang",""
"Asam Cangkuk - Telaga Bidadari","ruas_180","asam cangkuk - telaga bidadari",true,"direct","Asam Cangkuk - Telaga Bidadari",""
"Hamalau - Pahampangan","ruas_181","hamalau - pahampangan",true,"direct","Hamalau - Pahampangan",""
"Jl. Monumen 17 Mei - Mandapai","ruas_182","monumen 17 mei - mandapai",true,"direct","Monumen 17 Mei - Mandapai",""
"Halunuk - Riam Tajam/Talo - Hamak Umpaya","ruas_183","halunuk - riam tajam talo - hamak umpaya",true,"direct","Halunuk - Riam Tajam/Talo - Hamak Umpaya",""
"Tawia - Kayu Abang","ruas_184","tawia - kayu abang",true,"direct","Tawia - Kayu Abang",""
"Jl.Panggang Hijau - DsTawar","ruas_185","panggang hijau - desa tawar",true,"alias","Panggang Hijau - Ds. Tawar",""
"Bamban Selatan - Tangang - Panggang Hijau","ruas_186","bamban selatan - tanggang - panggang hijau",true,"te_local_alias","Bamban Selatan - Tanggang - Panggang Hijau",""
"Jl. Tembok Kacil. Sei. Kudung","ruas_187","tembok kacil sei kudung",true,"direct","Tembok Kacil. Sei. Kudung",""
"Jl. Pantai Langsat - Umpaya","ruas_188","pantai langsat - umpaya",true,"direct","Pantai Langsat - Umpaya",""
"Garunggang - Hantamangu","ruas_189","garunggang - hantamangu",true,"direct","Garunggang - Hantamangu",""
"Jl. KH. Ramli","ruas_190","kh ramli - desa amparaya",true,"alias","KH. Ramli - DS. Amparaya",""
"Jl. Habib","ruas_191","habib",true,"direct","Habib",""
"Jl. Gerilya / (Depan Pustu Habirau)","ruas_192","gerilya depan pustu habirau",true,"direct","Gerilya / (Depan PUSTU Habirau)",""
"Jl. Kantor Camat Daha Selatan II","ruas_193","kantor camat daha selatan ii",true,"direct","Kantor Camat Daha Selatan II",""
"Jl. Banua Hanyar - Tanjung Selor","ruas_194","banua hanyar - desa tanjung selor",true,"alias","Banua Hanyar - Ds. Tanjung Selor",""
"Jl. Tanjung Selor - Ds. Badaun","ruas_195","tanjung selor - desa badaun",true,"direct","Tanjung Selor - Ds. Badaun",""
"Jl. Musyawarah","ruas_196","musyawarah nagara",true,"manual_ref_alias","Musyawarah (Nagara)",""
"Jl. Muning Tengah - Batang Alai (Pihanin Raya)","ruas_197","muning tengah - batang alai pihanin raya",true,"direct","Muning Tengah - Batang Alai (Pihanin Raya)",""
"Jl. Pesantren Muradiyah","ruas_198","pesantren muradiyah",true,"direct","Pesantren Muradiyah",""
"Jl. Paramaian","ruas_199","paramaian",true,"direct","Paramaian",""
"Teluk haur I","ruas_200","teluk haur i",true,"direct","Teluk Haur I",""
"Teluk Haur II","ruas_201","teluk haur ii",true,"direct","Teluk Haur II",""
"Jl. Kenanga - Ds. Baruh Kambang","ruas_202","kenanga - desa baruh kambang",true,"direct","Kenanga - Ds. Baruh Kambang",""
"Jl. SMAN Negara (KH. Abdullah)","ruas_203","sman negara kh abdullah",true,"direct","SMAN Negara (KH. Abdullah)",""
"Jl. Bayampah - Tanuhi - Tugu Niih","ruas_204","bayampah - tanuhi - tugu niih",true,"direct","Bayampah - Tanuhi - Tugu Niih",""
"Jl. Kantor Camat Loksado II","ruas_205","kantor camat loksado ii",true,"direct","Kantor Camat Loksado II",""
"Loklahung - Kamawakan","ruas_206","loklahung - kamawakan",true,"direct","Loklahung - Kamawakan",""
"Malinau - Katingin - Kamawakan","ruas_207","malinau - katingin - kamawakan",true,"direct","Malinau - Katingin - Kamawakan",""
"Tibung Dalam - Teratai","ruas_208","tibung dalam - teratai",true,"direct","Tibung Dalam - Teratai",""
"Malilingin - Muara Hariang","ruas_209","malilingin - muara hariang",true,"direct","Malilingin - Muara Hariang",""
"Malaris - Loapanggang","ruas_210","malaris - loapanggang",true,"direct","Malaris - Loapanggang",""
"Jl. Tanah Bangkang Menuju Balai Benih Ikan","ruas_211","tanah bangkang menuju balai benih ikan",true,"direct","Tanah Bangkang Menuju Balai Benih Ikan",""
"Jl. Pandan Sari","ruas_212","pandan sari - desa angkinang",true,"manual_alias","Pandan Sari - Ds. Angkinang",""
"Taniran Selatan Kubah - Buntut Taniran/Wawaran","ruas_213","taniran selatan kubah - buntut taniran wawaran",true,"direct","Taniran Selatan Kubah - Buntut Taniran / Wawaran",""
"Simpang Hamalau - Teluk Pinang","ruas_214","simpang hamalau - teluk pinang",true,"direct","Simpang Hamalau - Teluk Pinang",""
"Simp. Bakarung Selatan - Sungai Kudung","ruas_215","sp bakarung selatan - sungai kudung",true,"te_local_alias","Sp. Bakarung Selatan - Sungai Kudung",""
"Jl. Bangga TMMD","ruas_216","bangga tmmd",true,"direct","Bangga TMMD",""
"Sirih - Pacakan","ruas_217","sirih - pacakan",true,"direct","Sirih - Pacakan",""
"Jl. Kalumpang Selatan - Ds. Asam Tamiyang","ruas_218","kalumpang selatan - desa asam tamiyang",true,"direct","Kalumpang Selatan - Ds. Asam Tamiyang",""
"Simpang Malutu - Pahampangan","ruas_219","simpang malutu - pahampangan",true,"direct","Simpang Malutu - Pahampangan",""
"Jl. Pendawa - Ds. Tebing Tinggi","ruas_220","pendawa - desa tebing tinggi",true,"direct","Pendawa - Ds. Tebing Tinggi",""
"Jl. Tanginau - Balai Haruyan","ruas_221","tanginau - balai haruyan",true,"direct","Tanginau - Balai Haruyan",""
"Jl. Gang Bidan (Ds. Tambak Bitin)","ruas_222","gang bidan desa tambak bitin",true,"direct","Gang Bidan (Ds. Tambak Bitin)",""
"Jl. Sukaramai - Keramat","ruas_223","sukaramai - keramat",true,"direct","Sukaramai - Keramat",""
"Bayanan - Habirau Tengah","ruas_224","bayanan - habirau tengah",true,"direct","Bayanan - Habirau Tengah",""
"Hulu Banyu - Datar Mangkung -Tumingki","ruas_225","hulu banyu - datar mangkung - tumingki",true,"direct","Hulu Banyu - Datar Mangkung - Tumingki",""
"Jl. Makam Habib Ds. Lumpangi","ruas_226","makam habib - desa lumpangi",true,"alias","Makam Habib - Desa Lumpangi",""
"Hamalau - Asam Cangkok","ruas_227","hamalau - asam cangkok",true,"direct","Hamalau - Asam Cangkok",""
"Jl. Loksado - Pantai Dusin","ruas_228","loksado - pantai dusin",true,"direct","Loksado - Pantai Dusin",""
"Jl. Haratai 3 (Balai Kedayang) / SDN Haratai 3","ruas_229","haratai 3 balai kedayang sdn haratai 3",true,"direct","Haratai 3 (Balai Kedayang) / SDN Haratai 3",""
"Jl. Haratai 2 (SDN Haratai2)","ruas_230","haratai 2 balai ujung atas sdn haratai2",true,"alias","Haratai 2 (Balai Ujung Atas) SDN Haratai2",""
"Loklahung - Malaris","ruas_231","loklahung - malaris",true,"direct","Loklahung - Malaris",""
"Jl. Bubuih - Kandihin","ruas_232","bubuih desa halunuk - kandihin",true,"alias","Bubuih (Ds. Halunuk) - Kandihin",""
"Jl. Silaturahim","ruas_233","silaturrahim",true,"alias","Silaturrahim",""
"Jl. Pertukangan","ruas_234","pertukangan",true,"direct","Pertukangan",""
"Jl. Samping Kantor Camat Daha Utara","ruas_235","samping kantor camat daha utara",true,"direct","Samping Kantor Camat Daha Utara",""
"Jl. Sungai Bugundi","ruas_236","sungai bugundi",true,"direct","Sungai Bugundi",""
"Jl. Bamban (Tibung) - Martajiwa","ruas_237","bamban tibung - martajiwa",true,"direct","Bamban (Tibung) - Martajiwa",""
"Jl. Papagaran - Ds. Amawang Kanan","ruas_238","papagaran - desa amawang kanan",true,"direct","Papagaran - Ds. Amawang Kanan",""
"Jl. Kacang Parang (Ulang) - Balai Wariung","ruas_239","kacang parang ulang - balai wariung",true,"direct","Kacang Parang (Ulang) - Balai Wariung",""
"Jl. Ulang - Kacang Parang","ruas_240","ulang - kacang parang",true,"direct","Ulang - Kacang Parang",""
"Jl. Kacang Parang (Ulang) - Balai Mawak-Kias","ruas_241","kacang parang ulang - balai mawak - kias",true,"direct","Kacang Parang (Ulang) - Balai Mawak-Kias",""
"Jl. Datar Belimbing - Muara Kitar","ruas_242","datar belimbing - muara kitar",true,"direct","Datar Belimbing - Muara Kitar",""
"Mangaris - Limau Manis","ruas_243","mangaris - limau manis",true,"direct","Mangaris - Limau Manis",""
"Muara Hariang - Bayumbung","ruas_244","muara hariang - bayumbung",true,"direct","Muara Hariang - Bayumbung",""
"Jl. Hamak - Umbai","ruas_245","hamak - umbai",true,"direct","Hamak - Umbai",""
"Jl. Harapan (SDN Habirau II)/Sei. Palangan","ruas_246","harapan sdn habirau ii sei palangan",true,"direct","Harapan (SDN Habirau II)/ Sei. Palangan",""
"Bakarung - Rantauan","ruas_247","bakarung - rantauan",true,"direct","Bakarung - Rantauan",""
"Taniran Selatan - Rantauan","ruas_248","taniran selatan - rantauan",true,"direct","Taniran Selatan - Rantauan",""
"Tanuhi - Ulang","ruas_249","tanuhi - ulang",true,"direct","Tanuhi - Ulang",""
"Jl. Balimau - Murung Dalam","ruas_250","balimau - murung dalam",true,"direct","Balimau - Murung Dalam",""
"Samuda - Bajayau","ruas_251","samuda - bajayau",true,"direct","Samuda - Bajayau",""
"Jl. Merah Johansyah - Jl. Melati","ruas_252","merah johansyah - melati",true,"direct","Merah Johansyah - Melati",""
"Singakarsa - Getek","ruas_253","singakarsa - getek",true,"direct","Singakarsa - Getek",""
"Jl. Jend. Sudirman","ruas_254","jend sudirman",true,"direct","Jend. Sudirman",""
"Jl. Baiturrahim","ruas_255","baiturrahim parincahan",true,"alias","Baiturrahim Parincahan",""
"Jl. Newangsekarti - Ds. Gambah Luar Muka","ruas_256","newangsekarti - desa gambah luar muka",true,"direct","Newangsekarti - Ds. Gambah Luar Muka",""
"Jl. Tembok Baru (Asam Cangkok","ruas_257","tembok baru asam cangkok",true,"direct","Tembok Baru (Asam Cangkok)",""
"Jl. Tembok Baru - Baluti","ruas_258","tembok baru - desa baluti",true,"alias","Tembok Baru - Ds. Baluti",""
"Jl. Bariang - Patigan","ruas_259","bariang - patigan",true,"direct","Bariang - Patigan",""
"Gambah Dalam Barat - Mahulung","ruas_260","gambah dalam barat - mahulung",true,"direct","Gambah Dalam Barat - Mahulung",""
"Jl. Menuju SMP 7 - Ds. Gambah Dalam","ruas_261","menuju smp 7 - desa gambah dalam",true,"direct","Menuju SMP 7 - Ds. Gambah Dalam",""
"Jl. Telaga Banta - Patigan","ruas_262","telaga banta - patigan",true,"direct","Telaga Banta - Patigan",""
"Jl. Nomura","ruas_263","nomura",true,"direct","Nomura",""
"Jl. Slasa Garih - Ds. Kapuh","ruas_264","slasa garih - desa kapuh",true,"direct","Slasa Garih - Ds. Kapuh",""
"Paharuangan - Asam Dua","ruas_265","paharuangan - asam dua",true,"direct","Paharuangan - Asam Dua",""
"Lambuk - Ds. Tumingki","ruas_266","lambuk - desa tumingki",true,"direct","Lambuk - Ds. Tumingki",""
"Jl. Lorong Bupati","ruas_267","lorong bupati",true,"direct","Lorong Bupati",""
"Asam Seranggan - Asam Tamiyang","ruas_268","asam seranggan - asam tamiyang",true,"direct","Asam Seranggan - Asam Tamiyang",""
"Jl. Baru - Asam Desa Baru/Asam","ruas_269","baru - asam desa baru",true,"alias","Baru - Asam Desa Baru",""
"Jl. Padang Rasau (Tambak Tamiang) - Paku Pantai","ruas_270","padang rasau tambak tamiang - paku pantai",true,"direct","Padang Rasau (Tambak Tamiang) - Paku Pantai",""
"Jl. Papancan - Ds. Tanah Bangkang","ruas_271","papancan - desa tanah bangkang",true,"direct","Papancan - Ds. Tanah Bangkang",""
"Jl. Sungai Namang - Ds. Tanah Bangkang","ruas_272","sungai namang - desa tanah bangkang",true,"direct","Sungai Namang - Ds. Tanah Bangkang",""
"Jl. Jarau - Parandakan","ruas_273","jarau - parandakan",true,"direct","Jarau - Parandakan",""
"Jl. Mungkur Galah - Lokpaikat","ruas_274","mungkur galah - lokpaikat",true,"direct","Mungkur Galah - Lokpaikat",""
"Jl. Tamiyang - Ds. Tamiyang (Eks TMMD)","ruas_275","tamiyang - desa tamiyang eks tmmd",true,"direct","Tamiyang - Ds. Tamiyang (Eks TMMD)",""
"Jambu Hulu - Paku Pantai","ruas_276","jambu hulu - paku pantai",true,"direct","Jambu Hulu - Paku Pantai",""
"Jl. Sungai Minting - Ds. Malutu","ruas_277","sungai minting - desa malutu",true,"direct","Sungai Minting - Ds. Malutu",""
"Jl. Menuju SMPN Malilingin","ruas_278","menuju smpn malilingin",true,"direct","Menuju SMPN Malilingin",""
"Jl. Bamban Selatan - Pakuan Balunan","ruas_279","bamban selatan - pakuan balunan",true,"direct","Bamban Selatan - Pakuan Balunan",""
"Jl. Kayu Abang - Paya","ruas_280","kayu abang - paya",true,"direct","Kayu Abang - Paya",""
"Jl. Rantauan - Sungai Baru (Jl. Pulau)","ruas_281","rantauan - sungai baru pulau",true,"direct","Rantauan - Sungai Baru (Pulau)",""
"Jl. Umpaya - Tumarin","ruas_282","umpaya - tumarin",true,"direct","Umpaya - Tumarin",""
"Jl. Hulu Banyu - Pantai Langsat","ruas_283","hulu banyu - pantai langsat",true,"direct","Hulu Banyu - Pantai Langsat",""
"Jl. Rawati","ruas_284","rawati - desa panjampang bahagia",true,"manual_alias","Rawati - Ds. Panjampang Bahagia",""
"Jl. Pianggu","ruas_285","pianggu",true,"direct","Pianggu",""
"Jl. Buluh Ds. Tebing Tinggi","ruas_286","buluh - desa tebing tinggi",true,"alias","Buluh - Ds. Tebing Tinggi",""
"Jl. H. Saim/Garunggang","ruas_287","h saim garunggang - kalimput",true,"alias","H. Saim Garunggang - Kalimput",""
"Jl. Air Miris","ruas_288","air miris - desa wasah hilir",true,"alias","Air Miris - Ds. Wasah Hilir",""
"Tandik - Wasah Hilir","ruas_289","tandik - desa wasah hilir",true,"alias","Tandik - Ds. Wasah Hilir",""
"Jl. Karampaci","ruas_290","karampaci - desa kapuh",true,"alias","Karampaci - Ds. Kapuh",""
"Jl. At-Taubah","ruas_291","at - taubah - desa kapuh",true,"alias","At-Taubah - Ds. Kapuh",""
"Jl. HM. Thaib","ruas_292","h m thaib",true,"alias","H.M. Thaib",""
"Jl. Habib Iberahim","ruas_293","habib ibrahim - desa sei mandala",true,"manual_alias","Habib Ibrahim - Ds. Sei Mandala",""
"Jl. MIN Pandak Daun","ruas_294","min pandak daun",true,"direct","MIN Pandak Daun",""
"Jl. Suriangpati","ruas_295","suriangpati - gambah dalam barat",true,"manual_alias","Suriangpati - Gambah Dalam Barat",""
"Ulang - Bangkaun","ruas_296","ulang - bangkaun",true,"direct","Ulang - Bangkaun",""
"Jl. Sakincung Ds. Hakurun Dalam","ruas_297","sakincung - desa hakurung dalam",true,"alias","Sakincung - Ds. Hakurung Dalam",""
"Tambak Pipii - Batu Ampar","ruas_298","tambak pipii - batu ampar",true,"direct","Tambak Pipii - Batu Ampar",""
"Jl. Palas - Ds. Wasah Tengah","ruas_299","palas - desa wasah tengah",true,"direct","Palas - Ds. Wasah Tengah",""
"Jl. Sungai Kacil II","ruas_300","sungai kacil ii",true,"direct","Sungai Kacil II",""
"Jl. Ds. Kapuh Tengah (Jl. Menuju Majelis Taklim)","ruas_301","desa kapuh tengah menuju majelis talim",true,"alias","Ds. Kapuh Tengah (Menuju Majelis Talim)",""
"Jl. Menuju Stadion 2 Desember","ruas_302","menuju stadion 2 desember",true,"direct","Menuju Stadion 2 Desember",""
"Jl. Gerilya Ds. Simpur","ruas_303","gerilya - desa simpur",true,"alias","Gerilya - Ds. Simpur",""
"Jl. Jangkang - Ds. Wasah Hilir","ruas_304","jangkang - desa wasah hilir",true,"direct","Jangkang - Ds. Wasah Hilir",""
"Jl. Pertanian - Ds. Wasah Tengah","ruas_305","pertanian - desa wasah tengah",true,"direct","Pertanian - Ds. Wasah Tengah",""
"Jl. Munggu Raya - Ds. Hariti","ruas_306","munggu raya - desa hariti",true,"direct","Munggu Raya - Ds. Hariti",""
"Jl. Manggis","ruas_307","manggis - desa baru",true,"manual_alias","Manggis - Ds. Baru",""
"Batang Kulur Kanan - Bumi Berkat (Jl. Kisung)","ruas_308","batang kulur kanan - bumi berkat kisung",true,"direct","Batang Kulur Kanan - Bumi Berkat (Kisung)",""
"Jl. Biti - Sungai Kupang (Karya Bakti TNI)","ruas_309","biti - sungai kupang karya bakti tni",true,"direct","Biti - Sungai Kupang (Karya Bakti TNI)",""
"Jl. H. Jarkasi","ruas_310","h jarkasi - desa sungai paring",true,"alias","H. Jarkasi - Ds. Sungai Paring",""
"Jl. Mangunang","ruas_311","mangunang - desa sungai raya utara",true,"alias","Mangunang - Ds. Sungai Raya Utara",""
"Jl. Bubuih (Ds. Halunuk)","ruas_312","bubuih - desa halunuk",true,"alias","Bubuih - Ds. Halunuk",""
"Jl. Muara Kitar - Ds. Lumpangi","ruas_313","muara kitar - desa lumpangi",true,"direct","Muara Kitar - Desa Lumpangi",""
"Jl. Wahab Syahrani","ruas_314","wahab syahrani",true,"direct","Wahab Syahrani",""
"Taniran Tengah - Taniran Selatan","ruas_315","taniran tengah - taniran selatan",true,"direct","Taniran Tengah - Taniran Selatan",""
"Jl. Rel Angkinang - TMMD Angkinang","ruas_316","rel angkinang - tmmd angkinang",true,"direct","Rel Angkinang - TMMD Angkinang",""
"Jl. Hamak Utara - Samaragi","ruas_317","hamak utara - samaragi",true,"direct","Hamak Utara - Samaragi",""
"Jl. Buntu Muara Hatib","ruas_318","buntu muara hatib - bts kab hst",true,"alias","Buntu Muara Hatib - Bts. Kab. HST",""
"Jl. Samping Mesjid Mandapai","ruas_319","samping mesjid mandapai",true,"direct","Samping Mesjid Mandapai",""
"Jl. Tataian - (Ds. Ulang) - Loksado","ruas_320","tataian - desa ulang - loksado",true,"direct","Tataian - (Ds. Ulang) - Loksado",""
"Pagar Haur - Malutu","ruas_321","pagar haur - malutu",true,"direct","Pagar  Haur - Malutu",""
"Jl. Pembangunan - Ds. Sungai Raya Utara","ruas_322","pembangunan - desa sungai raya utara",true,"direct","Pembangunan - Ds. Sungai Raya Utara",""
"Jl. Firdaus","ruas_323","firdaus - desa kapuh",true,"manual_alias","Firdaus - Ds. Kapuh",""
"Jl. Pajah Api","ruas_324","pajah api - desa kapuh",true,"alias","Pajah Api - Ds. Kapuh",""
"Jl. Banua Kambang","ruas_325","banua kambang - desa wasah tengah",true,"alias","Banua Kambang - Ds. Wasah Tengah",""
"Jl. TPA Sungai Raya Selatan","ruas_326","tpa - desa sungai raya selatan",true,"alias","TPA - Ds. Sungai Raya Selatan",""
"Jl. Tanah Habang - Ds. Simpur","ruas_327","tanah habang - desa simpur",true,"direct","Tanah Habang - Ds. Simpur",""
"Jl. Palajau - Ds. Baluti","ruas_328","palajau - desa baluti",true,"direct","Palajau - Ds. Baluti",""
"Jl. Kalaka Dayuh - Ds. Sungai Raya Utara","ruas_329","kalaka dayuh - desa sungai raya utara",true,"direct","Kalaka Dayuh - Ds. Sungai Raya Utara",""
"Jl. Karya Bakti TNI - Ds. Balimau","ruas_330","karya bakti - desa balimau",true,"alias","Karya Bakti - Ds. Balimau",""
"Batang Kulur Kanan - Batang Kulur Kiri","ruas_331","batang kulur kanan - batang kulur kiri",true,"direct","Batang Kulur Kanan - Batang Kulur Kiri",""
"Padang Batung - Batu Laki - Malilingin","ruas_332","padang batung - batulaki - malilingin",true,"te_local_alias","Padang Batung - Batulaki - Malilingin",""
"Gambir -SP. Empat Lungau","ruas_333","gambir - sp 4 lungau",true,"direct","Gambir - Sp. Empat Lungau",""
"Kaliring - SP. Padang Batung","ruas_334","kaliring - sp padang batung",true,"direct","Kaliring - Sp. Padang Batung",""
"Jl. Telapak Manuk","ruas_335","talapak manuk - desa kapuh",true,"alias","Talapak Manuk - Ds. Kapuh",""
"Bajayau - Bajayau Tengah","ruas_336","bajayau - desa bajayau tengah",true,"alias","Bajayau - Ds. Bajayau Tengah",""
"Jl. Badaun - Ds. Bajayau Lama","ruas_337","badaun - desa bjayau lama",true,"te_local_alias","Badaun - Ds. Bjayau Lama",""
"Negara - Tumbukan Banyu","ruas_338","negara - tumbukan banyu",true,"direct","Negara - Tumbukan Banyu",""
"Simpang Jadi Makmur Ds. Samuda","ruas_339","simpang jadi makmur - desa samuda",true,"te_local_alias","Simpang Jadi Makmur - Ds. Samuda",""
"Jl. Padang Haur - Ds. Wasah Tengah","ruas_340","padang haur - desa wasah tengah",true,"direct","Padang Haur - Ds. Wasah Tengah",""
"Jl. Goha - Ds. Amawang Kanan","ruas_341","goha - desa amawang kanan",true,"direct","Goha - Ds. Amawang Kanan",""
"Jl. Sungai Durian - Ds. Gumbil","ruas_342","sungai durian - desa gumbil",true,"direct","Sungai Durian - Ds. Gumbil",""
"Jl. Al - Ikhlas - Ds. Baluti","ruas_343","al - ikhlas - desa baluti",true,"direct","Al - Ikhlas - Ds. Baluti",""
"Jl. Anjiran Rantauan - Ds. Taniran Tengah","ruas_344","anjiran rantauan - desa taniran tengah",true,"direct","Anjiran Rantauan - Ds. Taniran Tengah",""
"Jl. Angkakai - Ds. Amawang Kiri","ruas_345","angkakai - desa amawang kiri",true,"direct","Angkakai - Ds. Amawang Kiri",""
"Jl. Keramat Sakti -  Ds. Tebing Tinggi","ruas_346","keramat sakti - desa tebing tinggi",true,"direct","Keramat Sakti - Ds. Tebing Tinggi",""
"Jl. Asam Duhat - Ds. Pantai Ulin","ruas_347","asam duhat - desa pantai ulin",true,"direct","Asam Duhat - Ds. Pantai Ulin",""
"SP.3 Bukuanin - Tayub","ruas_348","sp 3 bukuanin - tayub",true,"direct","Sp.3 Bukuanin - Tayub",""
"Jl. Galuntang Tayub - Ds. Madang","ruas_349","galuntang tayub - desa madang",true,"direct","Galuntang Tayub - Ds. Madang",""
"Jl. AMD - Ds. Lok Binuang","ruas_350","amd - desa lok binuang",true,"direct","AMD - Ds. Lok Binuang",""