dd2_row_index,dd2_road_name_raw,dd2_normalized_key,canonical_road_name,canonical_road_key,match_method,confidence_or_reason,notes
1,Jl. Pangeran Antasari - Loklua,pangeran antasari - loklua,Pangeran Antasari - Loklua,pangeran antasari - loklua,direct,,
2,Jl. Soeprapto - Jl. H.M Rusli,soeprapto - h m rusli,Soeprapto - H.M Rusli,soeprapto - h m rusli,direct,,
3,Jl. Pasar Kandangan - Oprit Jembt. Loklua,pasar kandangan - oprit jembt loklua,Pasar Kandangan - Oprit Jembt. Loklua,pasar kandangan - oprit jembt loklua,direct,,
4,Jl. Soetoyo - Teluk Mesjid,soetoyo - teluk mesjid,Soetoyo - Teluk Mesjid,soetoyo - teluk mesjid,direct,,
5,Jl. Teluk Mesjid - Sp. 4 Muara Banta,teluk mesjid - sp 4 muara banta,Teluk Mesjid - Sp. 4 Muara Banta,teluk mesjid - sp 4 muara banta,direct,,
6,Jl. Merah Johansyah - Jl. Melati,merah johansyah - melati,Merah Johansyah - Melati,merah johansyah - melati,direct,,
7,Jl. Menuju Stadion 2 Desember,menuju stadion 2 desember,Menuju Stadion 2 Desember,menuju stadion 2 desember,direct,,
8,Jl. Aluh Idut,aluh idut,Aluh Idut,aluh idut,direct,,
9,Jl. Panglima Batur,panglima batur,Panglima Batur,panglima batur,direct,,
10,Jl. Nusa Indah,nusa indah,Nusa Indah,nusa indah,direct,,
11,Jl. Anggrek,anggrek,Anggrek,anggrek,direct,,
12,Jl. Kenanga,kenanga,Kenanga,kenanga,direct,,
13,Jl. Mawar,mawar,Mawar (Kandangan Utara),mawar kandangan utara,occurrence_specific_manual,"Found in block with kecamatan=Kandangan. Surrounded by: Jl. Aluh Idut [Kandangan], Jl. Panglima Batur [Kandangan]...",
14,Jl. Kamboja,kamboja,Kamboja,kamboja,direct,,
15,Jl. Dahlia,dahlia,Dahlia,dahlia,direct,,
16,Jl. KS. Tubun,ks tubun,KS. Tubun,ks tubun,direct,,
17,Jl. Pemuda,pemuda,Pemuda,pemuda,direct,,
18,Jl. Parindra,parindra,Parindra,parindra,direct,,
19,Jl. Wahab Syahrani,wahab syahrani,Wahab Syahrani,wahab syahrani,direct,,
20,Jl. Musyawarah,musyawarah,Musyawarah (Kandangan),musyawarah kandangan,occurrence_specific_manual,"Found in block with kecamatan=Kandangan. Surrounded by: Jl. Dahlia [Kandangan], Jl. KS. Tubun [Kandangan]...",
21,Jl. Sekolah Islam,sekolah islam,Sekolah Islam (Kandangan Barat),sekolah islam kandangan barat,occurrence_specific_manual,"Found in block with kecamatan=Kandangan. Surrounded by: Jl. KS. Tubun [Kandangan], Jl. Pemuda [Kandangan]...",
22,Jl. Rahmah Bahran,rahmah bahran,Rahmah Bahran,rahmah bahran,direct,,
23,Jl. Brigjen Katamso,brigjen katamso,Brigjen Katamso,brigjen katamso,direct,,
24,Jl. Kolonel Sugiono,kolonel sugiono,Kolonel Sugiono,kolonel sugiono,direct,,
25,Singakarsa - Palas,singakarsa - palas,Singakarsa - Palas,singakarsa - palas,direct,,
26,Singakarsa - Getek,singakarsa - getek,Singakarsa - Getek,singakarsa - getek,direct,,
27,Parincahan - Singakarsa (Jl. Harapan),parincahan - singakarsa harapan,Parincahan - Singakarsa (Harapan),parincahan - singakarsa harapan,direct,,
28,Budi Bakti - Tiga Desember,budi bakti - tiga desember,Budi Bakti - Tiga Desember,budi bakti - tiga desember,direct,,
29,Jl. Jafri Zamzam,jafri zamzam,Jafri Zamzam,jafri zamzam,direct,,
30,Sungai Damang - Amawang Kiri,sei damang - amawang kiri,Sungai Damang - Amawang Kiri,sei damang - amawang kiri,direct,,
31,Amawang Muka - Getek,amawang muka - getek,Amawang Muka - Getek,amawang muka - getek,direct,,
32,Amawang Kanan - Wasah Hulu,amawang kanan - wasah hulu,Amawang Kanan - Wasah Hulu,amawang kanan - wasah hulu,direct,,
33,Jl. DI. Panjaitan - Loklua,di panjaitan - loklua,DI. Panjaitan - Loklua,di panjaitan - loklua,direct,,
34,Jl. Jend. Sudirman,jend sudirman,Jend. Sudirman,jend sudirman,direct,,
35,Jl. AES Nasution,aes nasution,AES Nasution,aes nasution,direct,,
36,Tembok Lama - Loklua,tembok lama - loklua,Tembok Lama - Loklua,tembok lama - loklua,direct,,
37,Jl. Kesehatan - Komp. Rmh Dokter,kesehatan - komp rmh dokter,Kesehatan - Komp. Rmh Dokter,kesehatan - komp rmh dokter,direct,,
38,Jl. Samping Bappeda - Mesjid Darul Halik,samping bappeda - mesjid darul halik,Samping Bappeda - Mesjid Darul Halik,samping bappeda - mesjid darul halik,direct,,
39,Jl.  Bina Bakat,bina bakat,Bina Bakat,bina bakat,direct,,
40,Baluti - Jambu Hulu (Paku),baluti - jambu hulu paku,Baluti - Jambu Hulu (Paku),baluti - jambu hulu paku,direct,,
41,Sp. 3 Baluti - Amawang,sp 3 baluti - amawang,Sp. 3 Baluti - Amawang,sp 3 baluti - amawang,direct,,
42,Sei Kupang Utara - Simp. Empat Lungau,sei kupang utara - simp empat lungau,Sei Kupang Utara - Simp. Empat Lungau,sei kupang utara - simp empat lungau,direct,,
43,Sp. Empat Lungau - Bangkau,sp empat lungau - bangkau,Sp. Empat Lungau - Bangkau,sp empat lungau - bangkau,direct,,
44,Sp. Empat Lungau - Garis,sp empat lungau - garis,Sp. Empat Lungau - Garis,sp empat lungau - garis,direct,,
45,Gambir - Sp. Empat Lungau,gambir - sp empat lungau,Gambir - Sp. Empat Lungau,gambir - sp empat lungau,direct,,
46,Bariang - Getek,bariang - getek,Bariang - Getek,bariang - getek,direct,,
47,Muara Banta - Karang Jawa,muara banta - karang jawa,Muara Banta - Karang Jawa,muara banta - karang jawa,direct,,
48,Sungai Paring - Sei Hanyar Pantai Ulin,sei paring - sei hanyar pantai ulin,Sungai Paring - Sei Hanyar Pantai Ulin,sei paring - sei hanyar pantai ulin,direct,,
49,Kandangan Hulu - Sp. Tabihi,kandangan hulu - sp tabihi,Kandangan Hulu - Sp. Tabihi,kandangan hulu - sp tabihi,direct,,
50,Banyu Barau - Sei Kalang,banyu barau - sei kalang,Banyu Barau - Sei Kalang,banyu barau - sei kalang,direct,,
51,Tibung Raya - Asam Cangkuk,tibung raya - asam cangkuk,Tibung Raya - Asam Cangkuk,tibung raya - asam cangkuk,direct,,
52,Gambah Dalam - Rantauan,gambah dalam - rantauan,Gambah Dalam - Rantauan,gambah dalam - rantauan,direct,,
53,Gambah Luar - Gambah Dalam,gambah luar - gambah dalam,Gambah Luar - Gambah Dalam,gambah luar - gambah dalam,direct,,
54,Pegangsaan Timur - Teluk Aman,pegangsaan timur - teluk aman,Pegangsaan Timur - Teluk Aman,pegangsaan timur - teluk aman,direct,,
55,Gambah Luar - Sungai Kudung,gambah luar - sei kudung,Gambah Luar - Sungai Kudung,gambah luar - sei kudung,direct,,
56,Bakarung Tengah - Karang Jawa,bakarung tengah - karang jawa,Bakarung Tengah - Karang Jawa,bakarung tengah - karang jawa,direct,,
57,Jl. Papagaran/Palangsatan,papagaran palangsatan,Papagaran/Palangsatan,papagaran palangsatan,direct,,
58,Jl. Tembok Kacil. Sei. Kudung,tembok kacil sei kudung,Tembok Kacil. Sei. Kudung,tembok kacil sei kudung,direct,,
59,Jl. Mesjid Quba,mesjid quba,Mesjid Quba,mesjid quba,direct,,
60,Jl. Sungai Karuh ,sei karuh,Sungai Karuh,sei karuh,direct,,
61,Rambai - Bariang,rambai - bariang,Rambai - Bariang,rambai - bariang,direct,,
62,Jangkang - Pantai Ulin,jangkang - pantai ulin,Jangkang - Pantai Ulin,jangkang - pantai ulin,direct,,
63,Jl. Padang Palas,padang palas,Padang Palas,padang palas,direct,,
64,Tibung Dalam - Teratai,tibung dalam - teratai,Tibung Dalam - Teratai,tibung dalam - teratai,direct,,
65,Jl. Kalaka Indah - Perumnas Tibung,kalaka indah - perumnas tibung,Kalaka Indah - Perumnas Tibung,kalaka indah - perumnas tibung,direct,,
66,Jl. Teratai Menuju Komplek Perumnas Hamalau,teratai menuju komp perumnas hamalau,Teratai Menuju Komplek Perumnas Hamalau,teratai menuju komp perumnas hamalau,direct,,
67,Teluk Pinang - Baluti,teluk pinang - baluti,Teluk Pinang - Baluti,teluk pinang - baluti,direct,,
68,Tibung Raya - Hamalau Dalam,tibung raya - hamalau dalam,Tibung Raya - Hamalau Dalam,tibung raya - hamalau dalam,direct,,
69,Jl. Baiturrahim Parincahan,baiturrahim parincahan,Baiturrahim Parincahan,baiturrahim parincahan,direct,,
70,Jl. Newangsekarti - Ds. Gambah Luar Muka,newangsekarti - desa gambah luar muka,Newangsekarti - Ds. Gambah Luar Muka,newangsekarti - desa gambah luar muka,direct,,
71,Jl. Tembok Baru (Asam Cangkok),tembok baru asam cangkok,Tembok Baru (Asam Cangkok),tembok baru asam cangkok,direct,,
72,Sungai Paring - Toba,sei paring - toba,Sungai Paring - Toba,sei paring - toba,direct,,
73,Jl. Tembok Baru - Ds. Baluti,tembok baru - desa baluti,Tembok Baru - Ds. Baluti,tembok baru - desa baluti,direct,,
74,Jl. H. Jarkasi - Ds. Sungai Paring,h jarkasi - desa sei paring,H. Jarkasi - Ds. Sungai Paring,h jarkasi - desa sei paring,direct,,
75,Bariang - Patigan,bariang - patigan,Bariang - Patigan,bariang - patigan,direct,,
76,Gambah Dalam Barat - Mahulung,gambah dalam barat - mahulung,Gambah Dalam Barat - Mahulung,gambah dalam barat - mahulung,direct,,
77,Jl. Suriangpati - Gambah Dalam Barat,suriangpati - gambah dalam barat,Suriangpati - Gambah Dalam Barat,suriangpati - gambah dalam barat,direct,,
78,Jl. Menuju SMP 7 - Ds. Gambah Dalam,menuju smp 7 - desa gambah dalam,Menuju SMP 7 - Ds. Gambah Dalam,menuju smp 7 - desa gambah dalam,direct,,
79,Telaga Banta - Patigan,telaga banta - patigan,Telaga Banta - Patigan,telaga banta - patigan,direct,,
80,Jl. Nomura ,nomura,Nomura,nomura,direct,,
81,Jl. Lorong Bupati,lorong bupati,Lorong Bupati,lorong bupati,direct,,
82,Jl. Biti - Sungai Kupang (Karya Bakti TNI) ,biti - sei kupang karya bakti tni,Biti - Sungai Kupang (Karya Bakti TNI),biti - sei kupang karya bakti tni,direct,,
83,Jl. Palajau - Ds. Baluti,palajau - desa baluti,Palajau - Ds. Baluti,palajau - desa baluti,direct,,
84,Jl. RS. Hasan Basry II,rs hasan basry ii,RS. Hasan Basry II,rs hasan basry ii,direct,,
85,Tajun - Sp.3 Muara Paring Agung,tajun - sp 3 muara paring agung,Tajun - Sp.3 Muara Paring Agung,tajun - sp 3 muara paring agung,direct,,
86,Hamalau - Anjiran,hamalau - anjiran,Hamalau - Anjiran,hamalau - anjiran,direct,,
87,Tanjungan - Sp. 10 Batang Kulur - Sungai Kali,tanjungan - sp 10 batang kulur - sei kali,Tanjungan - Sp. 10 Batang Kulur - Sungai Kali,tanjungan - sp 10 batang kulur - sei kali,direct,,
88,Sungai Raya Selatan - Sarang Halang,sei raya selatan - sarang halang,Sungai Raya Selatan - Sarang Halang,sei raya selatan - sarang halang,direct,,
89,Sp. Batang Kulur Kiri - Tatas,sp batang kulur kiri - tatas,Sp. Batang Kulur Kiri - Tatas,sp batang kulur kiri - tatas,direct,,
90,Taal Batang Kulur - Sp. 3 Muara Prg Agung,taal batang kulur - sp 3 muara prg agung,Taal Batang Kulur - Sp. 3 Muara Prg Agung,taal batang kulur - sp 3 muara prg agung,direct,,
91,Batang Kulur Kanan - Sarangan,batang kulur kanan - sarangan,Batang Kulur Kanan - Sarangan,batang kulur kanan - sarangan,direct,,
92,Bumi Berkat - Mungkur Galah,bumi berkat - mungkur galah,Bumi Berkat - Mungkur Galah,bumi berkat - mungkur galah,direct,,
93,Taal Jarau - Sp. Baru/Tampang,taal jarau - sp baru tampang,Taal Jarau - Sp. Baru/Tampang,taal jarau - sp baru tampang,direct,,
94,Sungai Raya - Jambu Hulu/Paku,sei raya - jambu hulu paku,Sungai Raya - Jambu Hulu/Paku,sei raya - jambu hulu paku,direct,,
95,Sungai Raya Selatan - Malutu - Goa Berangin,sei raya selatan - malutu - goa berangin,Sungai Raya Selatan - Malutu - Goa Berangin,sei raya selatan - malutu - goa berangin,direct,,
96,Sp. 4 Baru/Tampang - Sp. Bilui Pamujaan,sp 4 baru tampang - sp bilui pamujaan,Sp. 4 Baru/Tampang - Sp. Bilui Pamujaan,sp 4 baru tampang - sp bilui pamujaan,direct,,
97,Asam Cangkuk - Telaga Bidadari,asam cangkuk - telaga bidadari,Asam Cangkuk - Telaga Bidadari,asam cangkuk - telaga bidadari,direct,,
98,Hamalau - Pahampangan,hamalau - pahampangan,Hamalau - Pahampangan,hamalau - pahampangan,direct,,
99,Ida Manggala - Padang Makmur,ida manggala - padang makmur,Ida Manggala - Padang Makmur,ida manggala - padang makmur,direct,,
100,Simpang Hamalau - Teluk Pinang,sp hamalau - teluk pinang,Simpang Hamalau - Teluk Pinang,sp hamalau - teluk pinang,direct,,
101,Teluk Pinang - Pahampangan Utara,teluk pinang - pahampangan utara,Teluk Pinang - Pahampangan Utara,teluk pinang - pahampangan utara,direct,,
102,Hamalau - Telaga Bidadari - Wasah Hilir,hamalau - telaga bidadari - wasah hilir,Hamalau - Telaga Bidadari - Wasah Hilir,hamalau - telaga bidadari - wasah hilir,direct,,
103,Karasikan - Sarang Halang,karasikan - sarang halang,Karasikan - Sarang Halang,karasikan - sarang halang,direct,,
104,Tanjungan - Sp. 3 Sakijang,tanjungan - sp 3 sakijang,Tanjungan - Sp. 3 Sakijang,tanjungan - sp 3 sakijang,direct,,
105,Sarang Halang Padang - Sp. Batang Kulur,sarang halang padang - sp batang kulur,Sarang Halang Padang - Sp. Batang Kulur,sarang halang padang - sp batang kulur,direct,,
106,Hamalau - Ganda,hamalau - ganda,Hamalau - Ganda,hamalau - ganda,direct,,
107,Tamiyang - Ds. Tamiyang (Eks TMMD),tamiyang - desa tamiyang eks,Tamiyang - Ds. Tamiyang (Eks TMMD),tamiyang - desa tamiyang eks,direct,,
108,Tanah Bangkang Menuju Balai Benih Ikan,tanah bangkang menuju balai benih ikan,Tanah Bangkang Menuju Balai Benih Ikan,tanah bangkang menuju balai benih ikan,direct,,
109,Karang Intan - Tanah Bangkang,karang intan - tanah bangkang,Karang Intan - Tanah Bangkang,karang intan - tanah bangkang,direct,,
110,Jl. Haritas (PT. Pertani),haritas pt pertani,Haritas (PT. Pertani),haritas pt pertani,direct,,
111,Paharuangan - Sei. Raya Selatan,paharuangan - sei raya selatan,Paharuangan - Sei. Raya Selatan,paharuangan - sei raya selatan,direct,,
112,Jl. Bangga TMMD,bangga,Bangga TMMD,bangga,direct,,
113,Batang Kulur Kiri - Durian Landung,batang kulur kiri - durian landung,Batang Kulur Kiri - Durian Landung,batang kulur kiri - durian landung,direct,,
114,Jl. Taminung,taminung,Taminung,taminung,direct,,
115,Matang Gadung - Halalang,matang gadung - halalang,Matang Gadung - Halalang,matang gadung - halalang,direct,,
116,Sungai Raya Utara - Teluk Pinang ,sei raya utara - teluk pinang,Sungai Raya Utara - Teluk Pinang ,sei raya utara - teluk pinang,direct,,
119,Jl. Mangunang - Ds. Sungai Raya Utara,mangunang - desa sei raya utara,Mangunang - Ds. Sungai Raya Utara,mangunang - desa sei raya utara,direct,,
120,Hamalau - Asam Cangkok,hamalau - asam cangkok,Hamalau - Asam Cangkok,hamalau - asam cangkok,direct,,
121,Hariti - Sungai Raya Selatan,hariti - sei raya selatan,Hariti - Sungai Raya Selatan,hariti - sei raya selatan,direct,,
122,Mangaris - Limau Manis,mangaris - limau manis,Mangaris - Limau Manis,mangaris - limau manis,direct,,
123,Jl. Munggu Raya - Ds. Hariti,munggu raya - desa hariti,Munggu Raya - Ds. Hariti,munggu raya - desa hariti,direct,,
124,Paharuangan - Asam Dua,paharuangan - asam dua,Paharuangan - Asam Dua,paharuangan - asam dua,direct,,
125,Asam Seranggan - Asam Tamiyang,asam seranggan - asam tamiyang,Asam Seranggan - Asam Tamiyang,asam seranggan - asam tamiyang,direct,,
126,Jl. Papancan - Ds. Tanah Bangkang,papancan - desa tanah bangkang,Papancan - Ds. Tanah Bangkang,papancan - desa tanah bangkang,direct,,
127,Jl. Baru - Asam Desa Baru,baru - asam desa baru,Baru - Asam Desa Baru,baru - asam desa baru,direct,,
128,Jl. Sungai Namang - Ds. Tanah Bangkang,sei namang - desa tanah bangkang,Sungai Namang - Ds. Tanah Bangkang,sei namang - desa tanah bangkang,direct,,
129,Jarau - Parandakan,jarau - parandakan,Jarau - Parandakan,jarau - parandakan,direct,,
130,Mungkur Galah - Lokpaikat,mungkur galah - lokpaikat,Mungkur Galah - Lokpaikat,mungkur galah - lokpaikat,direct,,
131,Batang Kulur Kanan - Bumi Berkat (Jl. Kisung),batang kulur kanan - bumi berkat kisung,Batang Kulur Kanan - Bumi Berkat (Kisung),batang kulur kanan - bumi berkat kisung,direct,,
132,Batang Kulur Kanan - Batang Kulur Kiri,batang kulur kanan - batang kulur kiri,Batang Kulur Kanan - Batang Kulur Kiri,batang kulur kanan - batang kulur kiri,direct,,
133,Jl. Manggis - Ds. Baru,manggis - desa baru,Manggis - Ds. Baru,manggis - desa baru,direct,,
134,Jl. TPA - Ds. Sungai Raya Selatan,tpa - desa sei raya selatan,TPA - Ds. Sungai Raya Selatan,tpa - desa sei raya selatan,direct,,
135,Jl. Pembangunan - Ds. Sungai Raya Utara,pembangunan - desa sei raya utara,Pembangunan - Ds. Sungai Raya Utara,pembangunan - desa sei raya utara,direct,,
136,Jl. Kalaka Dayuh - Ds. Sungai Raya Utara,kalaka dayuh - desa sei raya utara,Kalaka Dayuh - Ds. Sungai Raya Utara,kalaka dayuh - desa sei raya utara,direct,,
137,Teluk Pinang - Padang Rasau,teluk pinang - padang rasau,Teluk Pinang - Padang Rasau,teluk pinang - padang rasau,direct,,
138,Tanayung - Simp. Ambarai,tanayung - simp ambarai,Tanayung - Simp. Ambarai,tanayung - simp ambarai,direct,,
139,Tabihi - Telaga Langsat,tabihi - telaga langsat,Tabihi - Telaga Langsat,tabihi - telaga langsat,direct,,
140,Karang Jawa -Ambarai - Sungai Bungur,karang jawa - ambarai - sei bungur,Karang Jawa -Ambarai - Sungai Bungur,karang jawa - ambarai - sei bungur,direct,,
141,Ambarai - Madang,ambarai - madang,Ambarai - Madang,ambarai - madang,direct,,
142,Padang Batung - Batulaki - Malilingin,padang batung - batulaki - malilingin,Padang Batung - Batulaki - Malilingin,padang batung - batulaki - malilingin,direct,,
143,Malilingin - Lokbahan - Paniungan,malilingin - lokbahan - paniungan,Malilingin - Lokbahan - Paniungan,malilingin - lokbahan - paniungan,direct,,
144,Mawangi - Bukuanin - Telaga Langsat,mawangi - bukuanin - telaga langsat,Mawangi - Bukuanin - Telaga Langsat,mawangi - bukuanin - telaga langsat,direct,,
145,Mandapai - Madang,mandapai - madang,Mandapai - Madang,mandapai - madang,direct,,
146,Kaliring - Sp. Padang Batung,kaliring - sp padang batung,Kaliring - Sp. Padang Batung,kaliring - sp padang batung,direct,,
147,Pagar  Haur - Malutu,pagar haur - malutu,Pagar  Haur - Malutu,pagar haur - malutu,direct,,
148,Simpang Malutu - Pahampangan,sp malutu - pahampangan,Simpang Malutu - Pahampangan,sp malutu - pahampangan,direct,,
149,Simpang Malutu - Tambak,sp malutu - tambak,Simpang Malutu - Tambak,sp malutu - tambak,direct,,
150,Pagat Batu - Muara Hariang,pagat batu - muara hariang,Pagat Batu - Muara Hariang,pagat batu - muara hariang,direct,,
151,Paku (Jambu Hulu) - Ganda,paku jambu hulu - ganda,Paku (Jambu Hulu) - Ganda,paku jambu hulu - ganda,direct,,
152,Sp.3 Bukuanin - Riam Talo,sp 3 bukuanin - riam talo,Sp.3 Bukuanin - Riam Talo,sp 3 bukuanin - riam talo,direct,,
153,Sp.3 Bukuanin - Tayub,sp 3 bukuanin - tayub,Sp.3 Bukuanin - Tayub,sp 3 bukuanin - tayub,direct,,
154,Madang - Ambutun,madang - ambutun,Madang - Ambutun,madang - ambutun,direct,,
155,Jl. Monumen 17 Mei - Mandapai,monumen 17 mei - mandapai,Monumen 17 Mei - Mandapai,monumen 17 mei - mandapai,direct,,
156,Batu Laki - Muara Pipii,batu laki - muara pipii,Batu Laki - Muara Pipii,batu laki - muara pipii,direct,,
157,Muara Pipii - Tambak Pipii,muara pipii - tambak pipii,Muara Pipii - Tambak Pipii,muara pipii - tambak pipii,direct,,
158,Tambak Pipii - Malilingin,tambak pipii - malilingin,Tambak Pipii - Malilingin,tambak pipii - malilingin,direct,,
159,Malilingin - Muara Hariang,malilingin - muara hariang,Malilingin - Muara Hariang,malilingin - muara hariang,direct,,
160,Mawangi - Pariangan,mawangi - pariangan,Mawangi - Pariangan,mawangi - pariangan,direct,,
161,Jambu Hulu - Paku Pantai,jambu hulu - paku pantai,Jambu Hulu - Paku Pantai,jambu hulu - paku pantai,direct,,
162,Sungai Minting - Ds. Malutu,sei minting - desa malutu,Sungai Minting - Ds. Malutu,sei minting - desa malutu,direct,,
163,Padang Rasau (Tambak Tamiang) - Paku Pantai,padang rasau tambak tamiang - paku pantai,Padang Rasau (Tambak Tamiang) - Paku Pantai,padang rasau tambak tamiang - paku pantai,direct,,
164,Jl. Galuntang Tayub - Ds. Madang,galuntang tayub - desa madang,Galuntang Tayub - Ds. Madang,galuntang tayub - desa madang,direct,,
165,Jl. Menuju SMPN Malilingin,menuju smpn malilingin,Menuju SMPN Malilingin,menuju smpn malilingin,direct,,
166,Jl. Samping Mesjid Mandapai,samping mesjid mandapai,Samping Mesjid Mandapai,samping mesjid mandapai,direct,,
167,Muara Hariang - Bayumbung,muara hariang - bayumbung,Muara Hariang - Bayumbung,muara hariang - bayumbung,direct,,
168,Tambak Pipii - Batu Ampar,tambak pipii - batu ampar,Tambak Pipii - Batu Ampar,tambak pipii - batu ampar,direct,,
169,Bakarung - Rantauan,bakarung - rantauan,Bakarung - Rantauan,bakarung - rantauan,direct,,
170,Taniran Selatan - Rantauan,taniran selatan - rantauan,Taniran Selatan - Rantauan,taniran selatan - rantauan,direct,,
171,Bakarung -Tabihi - Karang Jawa,bakarung - tabihi - karang jawa,Bakarung -Tabihi - Karang Jawa,bakarung - tabihi - karang jawa,direct,,
172,Pandulangan - Kalinduku,pandulangan - kalinduku,Pandulangan - Kalinduku,pandulangan - kalinduku,direct,,
173,Taniran Selatan Kubah - Buntut Taniran / Wawaran,taniran selatan kubah - buntut taniran wawaran,Taniran Selatan Kubah - Buntut Taniran / Wawaran,taniran selatan kubah - buntut taniran wawaran,direct,,
174,Angkinang Selatan - Tawia - Wawaran,angkinang selatan - tawia - wawaran,Angkinang Selatan - Tawia - Wawaran,angkinang selatan - tawia - wawaran,direct,,
175,Tawia - Kayu Abang,tawia - kayu abang,Tawia - Kayu Abang,tawia - kayu abang,direct,,
176,Bamban Selatan - Tanggang - Panggang Hijau,bamban selatan - tanggang - panggang hijau,Bamban Selatan - Tanggang - Panggang Hijau,bamban selatan - tanggang - panggang hijau,direct,,
177,Angkinang - Telaga Langsat,angkinang - telaga langsat,Angkinang - Telaga Langsat,angkinang - telaga langsat,direct,,
178,Bamban Selatan - Pakuan,bamban selatan - pakuan,Bamban Selatan - Pakuan,bamban selatan - pakuan,direct,,
179,Bamban Utara - Longawang,bamban utara - longawang,Bamban Utara - Longawang,bamban utara - longawang,direct,,
180,Angkinang - Kayu Abang - Panggang Hijau,angkinang - kayu abang - panggang hijau,Angkinang - Kayu Abang - Panggang Hijau,angkinang - kayu abang - panggang hijau,direct,,
181,Sp. Mandampa Tel. Sili-Sili - Sp. Sei. Bungur,sp mandampa tel sili - sili - sp sei bungur,Sp. Mandampa Tel. Sili-Sili - Sp. Sei. Bungur,sp mandampa tel sili - sili - sp sei bungur,direct,,
182,Sungai Kudung - Kalinduku,sei kudung - kalinduku,Sungai Kudung - Kalinduku,sei kudung - kalinduku,direct,,
183,Bamban Tengah - Lok Nyiur,bamban tengah - lok nyiur,Bamban Tengah - Lok Nyiur,bamban tengah - lok nyiur,direct,,
184,Sp. Bakarung Selatan - Sungai Kudung,sp bakarung selatan - sei kudung,Sp. Bakarung Selatan - Sungai Kudung,sp bakarung selatan - sei kudung,direct,,
185,Panggang Hijau - Ds. Tawar,panggang hijau - desa tawar,Panggang Hijau - Ds. Tawar,panggang hijau - desa tawar,direct,,
186,Taniran Tengah - Taniran Selatan,taniran tengah - taniran selatan,Taniran Tengah - Taniran Selatan,taniran tengah - taniran selatan,direct,,
187,Jl. Kayu Abang - Ds. Anjiran,kayu abang - desa anjiran,Kayu Abang - Ds. Anjiran,kayu abang - desa anjiran,direct,,
188,Jl. Rel Angkinang - TMMD Angkinang,rel angkinang,Rel Angkinang - TMMD Angkinang,rel angkinang,direct,,
189,Jl. AMD - Ds. Lok Binuang,amd - desa lok binuang,AMD - Ds. Lok Binuang,amd - desa lok binuang,direct,,
190,Jl. Pandan Sari - Ds. Angkinang,pandan sari - desa angkinang,Pandan Sari - Ds. Angkinang,pandan sari - desa angkinang,direct,,
191,Bamban Selatan - Pakuan Balunan,bamban selatan - pakuan balunan,Bamban Selatan - Pakuan Balunan,bamban selatan - pakuan balunan,direct,,
192,Kayu Abang - Paya,kayu abang - paya,Kayu Abang - Paya,kayu abang - paya,direct,,
193,Bamban (Tibung) - Martajiwa,bamban tibung - martajiwa,Bamban (Tibung) - Martajiwa,bamban tibung - martajiwa,direct,,
194,Rantauan - Sungai Baru (Jl. Pulau),rantauan - sei baru pulau,Rantauan - Sungai Baru (Pulau),rantauan - sei baru pulau,direct,,
195,Telaga Langsat - Pakuan Timur,telaga langsat - pakuan timur,Telaga Langsat - Pakuan Timur,telaga langsat - pakuan timur,direct,,
196,Longawang - Gumbil,longawang - gumbil,Longawang - Gumbil,longawang - gumbil,direct,,
197,Mandampa - Longawang,mandampa - longawang,Mandampa - Longawang,mandampa - longawang,direct,,
198,Gumbil - Masimpan,gumbil - masimpan,Gumbil - Masimpan,gumbil - masimpan,direct,,
199,Hamak Timur - Umpaya,hamak timur - umpaya,Hamak Timur - Umpaya,hamak timur - umpaya,direct,,
200,Hamak - Umbai,hamak - umbai,Hamak - Umbai,hamak - umbai,direct,,
201,Hamak Utara - Samaragi,hamak utara - samaragi,Hamak Utara - Samaragi,hamak utara - samaragi,direct,,
202,Umpaya - Tumarin,umpaya - tumarin,Umpaya - Tumarin,umpaya - tumarin,direct,,
203,Jl. Sungai Durian - Ds. Gumbil,sei durian - desa gumbil,Sungai Durian - Ds. Gumbil,sei durian - desa gumbil,direct,,
204,Pantai Langsat - Umpaya ,pantai langsat - umpaya,Pantai Langsat - Umpaya,pantai langsat - umpaya,direct,,
205,Halayung - Hantarukung,halayung - hantarukung,Halayung - Hantarukung,halayung - hantarukung,direct,,
206,Wasah Hulu - Amparaya - Simpur,wasah hulu - amparaya - simpur,Wasah Hulu - Amparaya - Simpur,wasah hulu - amparaya - simpur,direct,,
207,Wasah Hilir - Sarang Halang,wasah hilir - sarang halang,Wasah Hilir - Sarang Halang,wasah hilir - sarang halang,direct,,
208,Simpur - Simp. Bilui,simpur - simp bilui,Simpur - Simp. Bilui,simpur - simp bilui,direct,,
209,Simpur - Sp. 3 Muara Paring Agung,simpur - sp 3 muara paring agung,Simpur - Sp. 3 Muara Paring Agung,simpur - sp 3 muara paring agung,direct,,
210,Wasah Tengah - Sungai Tarap,wasah tengah - sei tarap,Wasah Tengah - Sungai Tarap,wasah tengah - sei tarap,direct,,
211,Wasah Hilir - Amparaya,wasah hilir - amparaya,Wasah Hilir - Amparaya,wasah hilir - amparaya,direct,,
212,Panjampang  Bahagia - Bayur,panjampang bahagia - bayur,Panjampang  Bahagia - Bayur,panjampang bahagia - bayur,direct,,
213,Ulin - Tanggul (Balai Mas),ulin - tanggul balai mas,Ulin - Tanggul (Balai Mas),ulin - tanggul balai mas,direct,,
214,Panjampang Bahagia - Hanau,panjampang bahagia - hanau,Panjampang Bahagia - Hanau,panjampang bahagia - hanau,direct,,
215,Jl. Halaban,halaban,Halaban,halaban,direct,,
216,Amparaya - Karangan - Hanau,amparaya - karangan - hanau,Amparaya - Karangan - Hanau,amparaya - karangan - hanau,direct,,
217,Jl. Kalimput Desa Wasah Hilir,kalimput desa wasah hilir,Kalimput Desa Wasah Hilir,kalimput desa wasah hilir,direct,,
218,Jl. Sungai Kacil I - Kapuh Padang,sei kacil i - kapuh padang,Sungai Kacil I - Kapuh Padang,sei kacil i - kapuh padang,direct,,
219,Jl. Sungai Kacil II,sei kacil ii,Sungai Kacil II,sei kacil ii,direct,,
220,Jl. Papagaran - Ds. Amawang Kanan,papagaran - desa amawang kanan,Papagaran - Ds. Amawang Kanan,papagaran - desa amawang kanan,direct,,
221,Balaimas - Hanau,balaimas - hanau,Balaimas - Hanau,balaimas - hanau,direct,,
222,Garunggang - Hantamangu,garunggang - hantamangu,Garunggang - Hantamangu,garunggang - hantamangu,direct,,
223,Jl. KH. Ramli - DS. Amparaya,kh ramli - desa amparaya,KH. Ramli - DS. Amparaya,kh ramli - desa amparaya,direct,,
224,Jl. Tungkaran - Ds. Ulin,tungkaran - desa ulin,Tungkaran - Ds. Ulin,tungkaran - desa ulin,direct,,
225,Jl. Mondar (Ulin-Pantai Ulin) - Ds. Ulin,mondar ulin - pantai ulin - desa ulin,Mondar (Ulin-Pantai Ulin) - Ds. Ulin,mondar ulin - pantai ulin - desa ulin,direct,,
226,Jl. Pendawa - Ds. Tebing Tinggi,pendawa - desa tebing tinggi,Pendawa - Ds. Tebing Tinggi,pendawa - desa tebing tinggi,direct,,
227,Jl. Mangamol - Ds. Pantai Ulin,mangamol - desa pantai ulin,Mangamol - Ds. Pantai Ulin,mangamol - desa pantai ulin,direct,,
228,Jl. Guru H. Izim - Ds. Pantai Ulin,guru h izim - desa pantai ulin,Guru H. Izim - Ds. Pantai Ulin,guru h izim - desa pantai ulin,direct,,
229,Jl. Rawati - Ds. Panjampang Bahagia,rawati - desa panjampang bahagia,Rawati - Ds. Panjampang Bahagia,rawati - desa panjampang bahagia,direct,,
230,Jl. Pianggu,pianggu,Pianggu,pianggu,direct,,
231,Jl. Buluh - Ds. Tebing Tinggi,buluh - desa tebing tinggi,Buluh - Ds. Tebing Tinggi,buluh - desa tebing tinggi,direct,,
232,Jl. H. Saim Garunggang - Kalimput,h saim garunggang - kalimput,H. Saim Garunggang - Kalimput,h saim garunggang - kalimput,direct,,
233,Jl. Padang Haur - Ds. Wasah Tengah,padang haur - desa wasah tengah,Padang Haur - Ds. Wasah Tengah,padang haur - desa wasah tengah,direct,,
234,Jl. Gerilya - Ds. Simpur,gerilya - desa simpur,Gerilya - Ds. Simpur,gerilya - desa simpur,direct,,
235,Jl. Jangkang - Ds. Wasah Hilir,jangkang - desa wasah hilir,Jangkang - Ds. Wasah Hilir,jangkang - desa wasah hilir,direct,,
236,Jl. Air Miris - Ds. Wasah Hilir,air miris - desa wasah hilir,Air Miris - Ds. Wasah Hilir,air miris - desa wasah hilir,direct,,
237,Jl. Tandik - Ds. Wasah Hilir,tandik - desa wasah hilir,Tandik - Ds. Wasah Hilir,tandik - desa wasah hilir,direct,,
238,Jl. Ds. Kapuh Tengah (Jl. Menuju Majelis Talim),desa kapuh tengah menuju majelis talim,Ds. Kapuh Tengah (Menuju Majelis Talim),desa kapuh tengah menuju majelis talim,direct,,
239,Jl. Karampaci - Ds. Kapuh,karampaci - desa kapuh,Karampaci - Ds. Kapuh,karampaci - desa kapuh,direct,,
240,Jl. At-Taubah - Ds. Kapuh,at - taubah - desa kapuh,At-Taubah - Ds. Kapuh,at - taubah - desa kapuh,direct,,
241,Jl. Firdaus - Ds. Kapuh,firdaus - desa kapuh,Firdaus - Ds. Kapuh,firdaus - desa kapuh,direct,,
242,Jl. Slasa Garih - Ds. Kapuh,slasa garih - desa kapuh,Slasa Garih - Ds. Kapuh,slasa garih - desa kapuh,direct,,
243,Jl. Palas - Ds. Wasah Tengah,palas - desa wasah tengah,Palas - Ds. Wasah Tengah,palas - desa wasah tengah,direct,,
244,Jl. Tanah Habang - Ds. Simpur,tanah habang - desa simpur,Tanah Habang - Ds. Simpur,tanah habang - desa simpur,direct,,
245,Jl. Banua Kambang - Ds. Wasah Tengah,banua kambang - desa wasah tengah,Banua Kambang - Ds. Wasah Tengah,banua kambang - desa wasah tengah,direct,,
246,Jl. Pajah Api - Ds. Kapuh,pajah api - desa kapuh,Pajah Api - Ds. Kapuh,pajah api - desa kapuh,direct,,
247,Jl. Talapak Manuk - Ds. Kapuh,talapak manuk - desa kapuh,Talapak Manuk - Ds. Kapuh,talapak manuk - desa kapuh,direct,,
248,Sirih - Taro,sirih - taro,Sirih - Taro,sirih - taro,direct,,
249,Kalumpang - Balimau,kalumpang - balimau,Kalumpang - Balimau,kalumpang - balimau,direct,,
250,Kalumpang (Ds. Balanti) - Teratai,kalumpang desa balanti - teratai,Kalumpang (Ds. Balanti) - Teratai,kalumpang desa balanti - teratai,direct,,
251,Bago Tanggul - Katilang - Teratai,bago tanggul - katilang - teratai,Bago Tanggul - Katilang - Teratai,bago tanggul - katilang - teratai,direct,,
252,Binjai (Sirih Hulu) - Ds. Seranggan,binjai sirih hulu - desa seranggan,Binjai (Sirih Hulu) - Ds. Seranggan,binjai sirih hulu - desa seranggan,direct,,
253,Balanti - (Ex. P3DT),balanti - p3dt,Balanti - (Ex. P3DT),balanti - p3dt,direct,,
254,Kalumpang - Baruh,kalumpang - baruh,Kalumpang - Baruh,kalumpang - baruh,direct,,
255,Sirih - Pacakan,sirih - pacakan,Sirih - Pacakan,sirih - pacakan,direct,,
256,SP.4 Mesjid Sirih - Sarang Nyamuk - Asam Tamiyang,sp 4 mesjid sirih - sarang nyamuk - asam tamiyang,SP.4 Mesjid Sirih - Sarang Nyamuk - Asam Tamiyang,sp 4 mesjid sirih - sarang nyamuk - asam tamiyang,direct,,
257,Kalumpang Selatan - Ds. Asam Tamiyang,kalumpang selatan - desa asam tamiyang,Kalumpang Selatan - Ds. Asam Tamiyang,kalumpang selatan - desa asam tamiyang,direct,,
258,Balimau - Murung Dalam,balimau - murung dalam,Balimau - Murung Dalam,balimau - murung dalam,direct,,
259,Jl. Karya Bakti - Ds. Balimau,karya bakti - desa balimau,Karya Bakti - Ds. Balimau,karya bakti - desa balimau,direct,,
260,Tanuhi - Ulang,tanuhi - ulang,Tanuhi - Ulang,tanuhi - ulang,direct,,
261,Loksado - Loklahung,loksado - loklahung,Loksado - Loklahung,loksado - loklahung,direct,,
262,Loksado - Haratai,loksado - haratai,Loksado - Haratai,loksado - haratai,direct,,
263,Loklahung - Kamawakan,loklahung - kamawakan,Loklahung - Kamawakan,loklahung - kamawakan,direct,,
264,Jl. Niagara (Ds. Halunuk) - Ayan,niagara desa halunuk - ayan,Niagara (Ds. Halunuk) - Ayan,niagara desa halunuk - ayan,direct,,
265,Malinau - Katingin - Kamawakan,malinau - katingin - kamawakan,Malinau - Katingin - Kamawakan,malinau - katingin - kamawakan,direct,,
266,Loklahung - Malaris,loklahung - malaris,Loklahung - Malaris,loklahung - malaris,direct,,
267,Jl. Bubuih - Ds. Halunuk,bubuih - desa halunuk,Bubuih - Ds. Halunuk,bubuih - desa halunuk,direct,,
268,Halunuk - Riam Tajam/Talo - Hamak Umpaya,halunuk - riam tajam talo - hamak umpaya,Halunuk - Riam Tajam/Talo - Hamak Umpaya,halunuk - riam tajam talo - hamak umpaya,direct,,
269,Jl. Muara Kitar - Desa Lumpangi,muara kitar - desa lumpangi,Muara Kitar - Desa Lumpangi,muara kitar - desa lumpangi,direct,,
270,Jl. Hulu Banyu - Pantai Langsat,hulu banyu - pantai langsat,Hulu Banyu - Pantai Langsat,hulu banyu - pantai langsat,direct,,
271,Jl. Bayampah - Tanuhi - Tugu Niih,bayampah - tanuhi - tugu niih,Bayampah - Tanuhi - Tugu Niih,bayampah - tanuhi - tugu niih,direct,,
272,Jl. Kantor Camat Loksado II,kantor camat loksado ii,Kantor Camat Loksado II,kantor camat loksado ii,direct,,
273,Jl. Buntu Muara Hatib - Bts. Kab. HST,buntu muara hatib - bts kab hst,Buntu Muara Hatib - Bts. Kab. HST,buntu muara hatib - bts kab hst,direct,,
274,Tanuhi - Hulu Banyu,tanuhi - hulu banyu,Tanuhi - Hulu Banyu,tanuhi - hulu banyu,direct,,
275,Hulu Banyu - Datar Mangkung - Tumingki,hulu banyu - datar mangkung - tumingki,Hulu Banyu - Datar Mangkung - Tumingki,hulu banyu - datar mangkung - tumingki,direct,,
276,Lambuk - Ds. Tumingki,lambuk - desa tumingki,Lambuk - Ds. Tumingki,lambuk - desa tumingki,direct,,
277,Malaris - Loapanggang,malaris - loapanggang,Malaris - Loapanggang,malaris - loapanggang,direct,,
278,Jl. Haratai 3 (Balai Kedayang) / SDN Haratai 3,haratai 3 balai kedayang sdn haratai 3,Haratai 3 (Balai Kedayang) / SDN Haratai 3,haratai 3 balai kedayang sdn haratai 3,direct,,
279,Jl. Haratai 2 (Balai Ujung Atas) SDN Haratai2,haratai 2 balai ujung atas sdn haratai2,Haratai 2 (Balai Ujung Atas) SDN Haratai2,haratai 2 balai ujung atas sdn haratai2,direct,,
280,Jl. Bubuih (Ds. Halunuk) - Kandihin,bubuih desa halunuk - kandihin,Bubuih (Ds. Halunuk) - Kandihin,bubuih desa halunuk - kandihin,direct,,
281,Jl. Makam Habib - Desa Lumpangi,makam habib - desa lumpangi,Makam Habib - Desa Lumpangi,makam habib - desa lumpangi,direct,,
282,Jl. Datar Belimbing - Muara Kitar,datar belimbing - muara kitar,Datar Belimbing - Muara Kitar,datar belimbing - muara kitar,direct,,
283,Jl. Tanginau - Balai Haruyan,tanginau - balai haruyan,Tanginau - Balai Haruyan,tanginau - balai haruyan,direct,,
284,Jl. Tataian - (Ds. Ulang) - Loksado,tataian - desa ulang - loksado,Tataian - (Ds. Ulang) - Loksado,tataian - desa ulang - loksado,direct,,
285,Jl. Ulang - Kacang Parang,ulang - kacang parang,Ulang - Kacang Parang,ulang - kacang parang,direct,,
286,Jl. Kacang Parang (Ulang) - Balai Mawak-Kias,kacang parang ulang - balai mawak - kias,Kacang Parang (Ulang) - Balai Mawak-Kias,kacang parang ulang - balai mawak - kias,direct,,
287,Jl. Kacang Parang (Ulang) - Balai Wariung,kacang parang ulang - balai wariung,Kacang Parang (Ulang) - Balai Wariung,kacang parang ulang - balai wariung,direct,,
288,Jl. Loksado - Pantai Dusin,loksado - pantai dusin,Loksado - Pantai Dusin,loksado - pantai dusin,direct,,
289,Jl. Malinau - Kandihin,malinau - kandihin,Malinau - Kandihin,malinau - kandihin,direct,,
290,Jl. Ulang - Bangkaun,ulang - bangkaun,Ulang - Bangkaun,ulang - bangkaun,direct,,
291,Bayanan - Habirau Tengah,bayanan - habirau tengah,Bayanan - Habirau Tengah,bayanan - habirau tengah,direct,,
292,Tumbukan Banyu - Banua Hanyar,tumbukan banyu - banua hanyar,Tumbukan Banyu - Banua Hanyar,tumbukan banyu - banua hanyar,direct,,
293,Jl. Satria ,satria,Satria,satria,direct,,
294,Jl. Musyawarah,musyawarah,Musyawarah (Nagara),musyawarah nagara,occurrence_specific_manual,"Found in block with kecamatan=Daha Selatan. Surrounded by: Jl. Malinau - Kandihin [Loksado], Jl. Ulang - Bangkaun [Loksado]...",
295,Jl. Sekolah Islam,sekolah islam,Sekolah Islam (Sungai Pinang),sekolah islam sei pinang,occurrence_specific_manual,"Found in block with kecamatan=Daha Selatan. Surrounded by: Jl. Ulang - Bangkaun [Loksado], Bayanan - Habirau Tengah [Daha Selatan]...",
296,Jl. Habib,habib,Habib,habib,direct,,
297,Jl. Mawar,mawar,Mawar (Daha Selatan),mawar daha selatan,occurrence_specific_manual,"Found in block with kecamatan=Daha Selatan. Surrounded by: Tumbukan Banyu - Banua Hanyar [Daha Selatan], Jl. Satria  [Daha Selatan]...",
298,Jl. Inst. PDAM Negara,inst pdam negara,Inst. PDAM Negara,inst pdam negara,direct,,
299,Jl. Gerilya / (Depan PUSTU Habirau),gerilya depan pustu habirau,Gerilya / (Depan PUSTU Habirau),gerilya depan pustu habirau,direct,,
300,Jl. Harapan (SDN Habirau II)/ Sei. Palangan,harapan sdn habirau ii sei palangan,Harapan (SDN Habirau II)/ Sei. Palangan,harapan sdn habirau ii sei palangan,direct,,
301,Samuda - Bajayau,samuda - bajayau,Samuda - Bajayau,samuda - bajayau,direct,,
302,Jl. Tambangan - Ds. Baruh Jaya,tambangan - desa baruh jaya,Tambangan - Ds. Baruh Jaya,tambangan - desa baruh jaya,direct,,
303,Muning Tengah - Batang Alai (Pihanin Raya),muning tengah - batang alai pihanin raya,Muning Tengah - Batang Alai (Pihanin Raya),muning tengah - batang alai pihanin raya,direct,,
304,Muning Tengah - Ds. Muning Dalam,muning tengah - desa muning dalam,Muning Tengah - Ds. Muning Dalam,muning tengah - desa muning dalam,direct,,
305,SP.4 Banjarbaru - Pasar Negara,sp 4 banjarbaru - pasar negara,SP.4 Banjarbaru - Pasar Negara,sp 4 banjarbaru - pasar negara,direct,,
306,Negara - Tumbukan Banyu,negara - tumbukan banyu,Negara - Tumbukan Banyu,negara - tumbukan banyu,direct,,
307,SP.4. Banjarbaru - Pihanin Raya,sp 4 banjarbaru - pihanin raya,SP.4. Banjarbaru - Pihanin Raya,sp 4 banjarbaru - pihanin raya,direct,,
308,Bayanan - Pihanin,bayanan - pihanin,Bayanan - Pihanin,bayanan - pihanin,direct,,
309,Jl. Kantor Camat Daha Selatan II,kantor camat daha selatan ii,Kantor Camat Daha Selatan II,kantor camat daha selatan ii,direct,,
310,Jl. Sungai Bugundi,sei bugundi,Sungai Bugundi,sei bugundi,direct,,
311,Jl. Tukang Garit (Tambangan),tukang garit tambangan,Tukang Garit (Tambangan),tukang garit tambangan,direct,,
312,Pandak Daun - Baruh Jaya - Samuda,pandak daun - baruh jaya - samuda,Pandak Daun - Baruh Jaya - Samuda,pandak daun - baruh jaya - samuda,direct,,
313,Sei. Mandala Murung Raya,sei mandala murung raya,Sei. Mandala Murung Raya,sei mandala murung raya,direct,,
314,Jl. Teluk Haur I,teluk haur i,Teluk Haur I,teluk haur i,direct,,
315,Jl. Teluk Haur II,teluk haur ii,Teluk Haur II,teluk haur ii,direct,,
316,Jl. H.M. Thaib,h m thaib,H.M. Thaib,h m thaib,direct,,
317,Jl. Kenanga - Ds. Baruh Kambang,kenanga - desa baruh kambang,Kenanga - Ds. Baruh Kambang,kenanga - desa baruh kambang,direct,,
318,Jl. SMAN Negara (KH. Abdullah),sman negara kh abdullah,SMAN Negara (KH. Abdullah),sman negara kh abdullah,direct,,
319,Jl. Pertukangan,pertukangan,Pertukangan,pertukangan,direct,,
320,Jl. Silaturrahim,silaturrahim,Silaturrahim,silaturrahim,direct,,
321,Jl. Habib Ibrahim - Ds. Sei Mandala,habib ibrahim - desa sei mandala,Habib Ibrahim - Ds. Sei Mandala,habib ibrahim - desa sei mandala,direct,,
322,Jl. Sukaramai - Keramat,sukaramai - keramat,Sukaramai - Keramat,sukaramai - keramat,direct,,
323,Jl. Pakan Dalam I,pakan dalam i,Pakan Dalam I,pakan dalam i,direct,,
324,Jl. Pakan Dalam II,pakan dalam ii,Pakan Dalam II,pakan dalam ii,direct,,
325,Jl. Pakan Dalam III,pakan dalam iii,Pakan Dalam III,pakan dalam iii,direct,,
326,Jl. Paramaian,paramaian,Paramaian,paramaian,direct,,
327,Jl. MIN Pandak Daun,min pandak daun,MIN Pandak Daun,min pandak daun,direct,,
328,Jl. Pesantren Muradiyah,pesantren muradiyah,Pesantren Muradiyah,pesantren muradiyah,direct,,
329,Pandak Daun (Buntut Muradiyah) - Pakan Dalam,pandak daun buntut muradiyah - pakan dalam,Pandak Daun (Buntut Muradiyah) - Pakan Dalam,pandak daun buntut muradiyah - pakan dalam,direct,,
330,Pakan Dalam - Kaminting Batu,pakan dalam - kaminting batu,Pakan Dalam - Kaminting Batu,pakan dalam - kaminting batu,direct,,
331,Jl. Samping Kantor Camat Daha Utara,samping kantor camat daha utara,Samping Kantor Camat Daha Utara,samping kantor camat daha utara,direct,,
332,Jl. Gang Bidan (Ds. Tambak Bitin),gang bidan desa tambak bitin,Gang Bidan (Ds. Tambak Bitin),gang bidan desa tambak bitin,direct,,
333,Jl. Cangkingan Herman,cangkingan herman,Cangkingan Herman,cangkingan herman,direct,,
334,Jl. Kampung Kawat,kampung kawat,Kampung Kawat,kampung kawat,direct,,
335,Jl. Kaminting Batu,kaminting batu,Kaminting Batu,kaminting batu,direct,,
336,Jl. Hamayung - Hakurung Dalam,hamayung - hakurung dalam,Hamayung - Hakurung Dalam,hamayung - hakurung dalam,direct,,
337,Simpang Jadi Makmur - Ds. Samuda,sp jadi makmur - desa samuda,Simpang Jadi Makmur - Ds. Samuda,sp jadi makmur - desa samuda,direct,,
338,Jl. Sakincung - Ds. Hakurung Dalam,sakincung - desa hakurung dalam,Sakincung - Ds. Hakurung Dalam,sakincung - desa hakurung dalam,direct,,
339,Jl. Hakurung Dalam - Ds. Sungai Haji,hakurung dalam - desa sei haji,Hakurung Dalam - Ds. Sungai Haji,hakurung dalam - desa sei haji,direct,,
340,Jl. Siang Gantung - Ds. Baru,siang gantung - desa baru,Siang Gantung - Ds. Baru,siang gantung - desa baru,direct,,
341,Jl. Baru - Ds. Bajayau,baru - desa bajayau,Baru - Ds. Bajayau,baru - desa bajayau,direct,,
342,Jl. Bajayau - Ds. Bajayau Tengah,bajayau - desa bajayau tengah,Bajayau - Ds. Bajayau Tengah,bajayau - desa bajayau tengah,direct,,
343,Jl. Banua Hanyar - Ds. Tanjung Selor,banua hanyar - desa tanjung selor,Banua Hanyar - Ds. Tanjung Selor,banua hanyar - desa tanjung selor,direct,,
344,Jl. Tanjung Selor - Ds. Badaun,tanjung selor - desa badaun,Tanjung Selor - Ds. Badaun,tanjung selor - desa badaun,direct,,
345,Jl. Badaun - Ds. Bjayau Lama,badaun - desa bjayau lama,Badaun - Ds. Bjayau Lama,badaun - desa bjayau lama,direct,,
346,Jl. Goha - Ds. Amawang Kanan,goha - desa amawang kanan,Goha - Ds. Amawang Kanan,goha - desa amawang kanan,direct,,
347,Jl. Al - Ikhlas - Ds. Baluti,al - ikhlas - desa baluti,Al - Ikhlas - Ds. Baluti,al - ikhlas - desa baluti,direct,,
348,Jl. Angkakai - Ds. Amawang Kiri,angkakai - desa amawang kiri,Angkakai - Ds. Amawang Kiri,angkakai - desa amawang kiri,direct,,
349,Jl. Anjiran Rantauan - Ds. Taniran Tengah,anjiran rantauan - desa taniran tengah,Anjiran Rantauan - Ds. Taniran Tengah,anjiran rantauan - desa taniran tengah,direct,,
350,Jl. Asam Duhat - Ds. Pantai Ulin,asam duhat - desa pantai ulin,Asam Duhat - Ds. Pantai Ulin,asam duhat - desa pantai ulin,direct,,
351,Jl. Pertanian - Ds. Wasah Tengah,pertanian - desa wasah tengah,Pertanian - Ds. Wasah Tengah,pertanian - desa wasah tengah,direct,,
352,Jl. Keramat Sakti - Ds. Tebing Tinggi,keramat sakti - desa tebing tinggi,Keramat Sakti - Ds. Tebing Tinggi,keramat sakti - desa tebing tinggi,direct,,