nomor_ruas,nama_ruas_summary,nama_ruas_aggregate,mantap_summary_m,mantap_aggregate_m,tidak_mantap_summary_m,tidak_mantap_aggregate_m,status
001,Jl. Pangeran Antasari - Loklua,Jl. Pangeran Antasari - Loklua,360.0,360.0,200.0,200.0,ok
002,Jl. Soeprapto - Jl. H.M Rusli,Jl. Soeprapto - Jl. H.M Rusli,520.0,520.0,0.0,0,ok
003,Jl. Pasar Kandangan - Oprit Jembt. Loklua,Jl. Pasar Kandangan - Oprit Jembt. Loklua,280.0,280.0,0.0,0,ok
004,Jl. Soetoyo - Teluk Mesjid,Jl. Soetoyo - Teluk Mesjid,260.0,260.0,0.0,0,ok
005,Jl. Teluk Mesjid - Sp. 4 Muara Banta,Jl. Teluk Mesjid - Sp. 4 Muara Banta,1230.0,1230.0,200.0,200.0,ok
006,Jl. Merah Johansyah - Jl. Melati,Jl. Merah Johansyah - Jl. Melati,820.0,820.0,0.0,0,ok
007,Jl. Menuju Stadion 2 Desember,Jl. Menuju Stadion 2 Desember,290.0,290.0,0.0,0,ok
008,Jl. Aluh Idut,Jl. Aluh Idut,1340.0,1340.0,0.0,0,ok
009,Jl. Panglima Batur,Jl. Panglima Batur,1090.0,1090.0,0.0,0,ok
010,Jl. Nusa Indah,Jl. Nusa Indah,380.0,380.0,0.0,0,ok
011,Jl. Anggrek,Jl. Anggrek,230.0,230.0,0.0,0,ok
012,Jl. Kenanga,Jl. Kenanga,230.0,230.0,0.0,0,ok
013,Jl. Mawar,Jl. Mawar (Kandangan Utara),230.0,230.0,0.0,0,ok
014,Jl. Kamboja,Jl. Kamboja,210.0,210.0,0.0,0,ok
015,Jl. Dahlia,Jl. Dahlia,0.0,0,180.0,180.0,ok
016,Jl. KS. Tubun,Jl. KS. Tubun,460.0,460.0,500.0,500.0,ok
017,Jl. Pemuda,Jl. Pemuda,260.0,260.0,0.0,0,ok
018,Jl. Parindra,Jl. Parindra,280.0,280.0,0.0,0,ok
019,Jl. Wahab Syahrani,Jl. Wahab Syahrani,120.0,120.0,0.0,0,ok
020,Jl. Musyawarah,Jl. Musyawarah (Kandangan),320.0,320.0,0.0,0,ok
021,Jl. Sekolah Islam,Jl. Sekolah Islam (Kandangan Barat),200.0,200.0,0.0,0,ok
022,Jl. Rahmah Bahran,Jl. Rahmah Bahran,220.0,220.0,0.0,0,ok
023,Jl. Brigjen Katamso,Jl. Brigjen Katamso,350.0,350.0,0.0,0,ok
024,Jl. Kolonel Sugiono,Jl. Kolonel Sugiono,220.0,220.0,0.0,0,ok
025,Singakarsa - Palas,Singakarsa - Palas,2800.0,2800.0,2520.0,2520.0,ok
026,Singakarsa - Getek,Singakarsa - Getek,200.0,200.0,0.0,0,ok
027,Parincahan - Singakarsa (Jl. Harapan),Parincahan - Singakarsa (Jl. Harapan),660.0,660.0,0.0,0,ok
028,Budi Bakti - Tiga Desember,Budi Bakti - Tiga Desember,810.0,810.0,0.0,0,ok
029,Jl. Jafri Zamzam,Jl. Jafri Zamzam,670.0,670.0,400.0,400.0,ok
030,Sungai Damang - Amawang Kiri,Sungai Damang - Amawang Kiri,2310.0,2310.0,200.0,200.0,ok
031,Amawang Muka - Getek,Amawang Muka - Getek,4910.0,4910.0,500.0,500.0,ok
032,Amawang Kanan - Wasah Hulu,Amawang Kanan - Wasah Hulu,2470.0,2470.0,700.0,700.0,ok
033,Jl. DI. Panjaitan - Loklua,Jl. DI. Panjaitan - Loklua,410.0,410.0,0.0,0,ok
034,Jl. Jend. Sudirman,Jl. Jend. Sudirman,2440.0,2440.0,0.0,0,ok
035,Jl. AES Nasution,Jl. AES Nasution,240.0,240.0,0.0,0,ok
036,Tembok Lama - Loklua,Tembok Lama - Loklua,440.0,440.0,400.0,400.0,ok
037,Jl. Kesehatan - Komp. Rmh Dokter,Jl. Kesehatan - Komp. Rmh Dokter,280.0,280.0,0.0,0,ok
038,Jl. Samping Bappeda - Mesjid Darul Halik,Jl. Samping Bappeda - Mesjid Darul Halik,0.0,0,190.0,190.0,ok
039,Jl.  Bina Bakat,Jl.  Bina Bakat,240.0,240.0,0.0,0,ok
040,Baluti - Jambu Hulu (Paku),Baluti - Jambu Hulu (Paku),2300.0,2300.0,1770.0,1770.0,ok
041,Sp. 3 Baluti - Amawang,Sp. 3 Baluti - Amawang,1470.0,1470.0,100.0,100.0,ok
042,Sei Kupang Utara - Simp. Empat Lungau,Sei Kupang Utara - Simp. Empat Lungau,2360.0,2360.0,0.0,0,ok
043,Sp. Empat Lungau - Bangkau,Sp. Empat Lungau - Bangkau,2200.0,2200.0,5900.0,5900.0,ok
044,Sp. Empat Lungau - Garis,Sp. Empat Lungau - Garis,1600.0,1600.0,6590.0,6590.0,ok
045,Gambir - Sp. Empat Lungau,Gambir - Sp. Empat Lungau,1500.0,1500.0,1450.0,1450.0,ok
046,Bariang - Getek,Bariang - Getek,400.0,400.0,840.0,840.0,ok
047,Muara Banta - Karang Jawa,Muara Banta - Karang Jawa,1590.0,1590.0,0.0,0,ok
048,Sungai Paring - Sei Hanyar Pantai Ulin,Sungai Paring - Sei Hanyar Pantai Ulin,1400.0,1400.0,4450.0,4450.0,ok
049,Kandangan Hulu - Sp. Tabihi,Kandangan Hulu - Sp. Tabihi,1250.0,1250.0,0.0,0,ok
050,Banyu Barau - Sei Kalang,Banyu Barau - Sei Kalang,2100.0,2100.0,0.0,0,ok
051,Tibung Raya - Asam Cangkuk,Tibung Raya - Asam Cangkuk,860.0,860.0,0.0,0,ok
052,Gambah Dalam - Rantauan,Gambah Dalam - Rantauan,1020.0,1020.0,500.0,500.0,ok
053,Gambah Luar - Gambah Dalam,Gambah Luar - Gambah Dalam,990.0,990.0,300.0,300.0,ok
054,Pegangsaan Timur - Teluk Aman,Pegangsaan Timur - Teluk Aman,750.0,750.0,300.0,300.0,ok
055,Gambah Luar - Sungai Kudung,Gambah Luar - Sungai Kudung,390.0,390.0,500.0,500.0,ok
056,Bakarung Tengah - Karang Jawa,Bakarung Tengah - Karang Jawa,3070.0,3070.0,700.0,700.0,ok
057,Jl. Papagaran/Palangsatan,Jl. Papagaran/Palangsatan,300.0,300.0,700.0,700.0,ok
058,Jl. Tembok Kacil. Sei. Kudung,Jl. Tembok Kacil. Sei. Kudung,300.0,300.0,70.0,70.0,ok
059,Jl. Mesjid Quba,Jl. Mesjid Quba,210.0,210.0,0.0,0,ok
060,Jl. Sungai Karuh,Jl. Sungai Karuh,1960.0,1960.0,0.0,0,ok
061,Rambai - Bariang,Rambai - Bariang,600.0,600.0,610.0,610.0,ok
062,Jangkang - Pantai Ulin,Jangkang - Pantai Ulin,1000.0,1000.0,690.0,690.0,ok
063,Jl. Padang Palas,Jl. Padang Palas,480.0,480.0,200.0,200.0,ok
064,Tibung Dalam - Teratai,Tibung Dalam - Teratai,420.0,420.0,100.0,100.0,ok
065,Jl. Kalaka Indah - Perumnas Tibung,Jl. Kalaka Indah - Perumnas Tibung,410.0,410.0,0.0,0,ok
066,Jl. Teratai Menuju Komplek Perumnas Hamalau,Jl. Teratai Menuju Komplek Perumnas Hamalau,410.0,410.0,0.0,0,ok
067,Teluk Pinang - Baluti,Teluk Pinang - Baluti,1640.0,1640.0,0.0,0,ok
068,Tibung Raya - Hamalau Dalam,Tibung Raya - Hamalau Dalam,800.0,800.0,110.0,110.0,ok
069,Jl. Baiturrahim Parincahan,Jl. Baiturrahim Parincahan,300.0,300.0,1120.0,1120.0,ok
070,Jl. Newangsekarti - Ds. Gambah Luar Muka,Jl. Newangsekarti - Ds. Gambah Luar Muka,290.0,290.0,0.0,0,ok
071,Jl. Tembok Baru (Asam Cangkok),Jl. Tembok Baru (Asam Cangkok),400.0,400.0,100.0,100.0,ok
072,Sungai Paring - Toba,Sungai Paring - Toba,300.0,300.0,540.0,540.0,ok
073,Jl. Tembok Baru - Ds. Baluti,Jl. Tembok Baru - Ds. Baluti,40.0,40.0,100.0,100.0,ok
074,Jl. H. Jarkasi - Ds. Sungai Paring,Jl. H. Jarkasi - Ds. Sungai Paring,100.0,100.0,20.0,20.0,ok
075,Bariang - Patigan,Bariang - Patigan,1630.0,1630.0,0.0,0,ok
076,Gambah Dalam Barat - Mahulung,Gambah Dalam Barat - Mahulung,1920.0,1920.0,0.0,0,ok
077,Jl. Suriangpati - Gambah Dalam Barat,Jl. Suriangpati - Gambah Dalam Barat,200.0,200.0,2620.0,2620.0,ok
078,Jl. Menuju SMP 7 - Ds. Gambah Dalam,Jl. Menuju SMP 7 - Ds. Gambah Dalam,400.0,400.0,600.0,600.0,ok
079,Telaga Banta - Patigan,Telaga Banta - Patigan,640.0,640.0,0.0,0,ok
080,Jl. Nomura,Jl. Nomura,410.0,410.0,0.0,0,ok
081,Jl. Lorong Bupati,Jl. Lorong Bupati,390.0,390.0,0.0,0,ok
082,Jl. Biti - Sungai Kupang (Karya Bakti TNI),Jl. Biti - Sungai Kupang (Karya Bakti TNI),800.0,800.0,1020.0,1020.0,ok
083,Jl. Palajau - Ds. Baluti,Jl. Palajau - Ds. Baluti,400.0,400.0,880.0,880.0,ok
084,Jl. RS. Hasan Basry II,Jl. RS. Hasan Basry II,100.0,100.0,0.0,0,ok
085,Tajun - Sp.3 Muara Paring Agung,Tajun - Sp.3 Muara Paring Agung,4970.0,4970.0,0.0,0,ok
086,Hamalau - Anjiran,Hamalau - Anjiran,800.0,800.0,100.0,100.0,ok
087,Tanjungan - Sp. 10 Batang Kulur - Sungai Kali,Tanjungan - Sp. 10 Batang Kulur - Sungai Kali,7000.0,7000.0,300.0,300.0,ok
088,Sungai Raya Selatan - Sarang Halang,Sungai Raya Selatan - Sarang Halang,320.0,320.0,2300.0,2300.0,ok
089,Sp. Batang Kulur Kiri - Tatas,Sp. Batang Kulur Kiri - Tatas,570.0,570.0,1800.0,1800.0,ok
090,Taal Batang Kulur - Sp. 3 Muara Prg Agung,Taal Batang Kulur - Sp. 3 Muara Prg Agung,2300.0,2300.0,1820.0,1820.0,ok
091,Batang Kulur Kanan - Sarangan,Batang Kulur Kanan - Sarangan,1680.0,1680.0,500.0,500.0,ok
092,Bumi Berkat - Mungkur Galah,Bumi Berkat - Mungkur Galah,1200.0,1200.0,310.0,310.0,ok
093,Taal Jarau - Sp. Baru/Tampang,Taal Jarau - Sp. Baru/Tampang,5650.0,5650.0,0.0,0,ok
094,Sungai Raya - Jambu Hulu/Paku,Sungai Raya - Jambu Hulu/Paku,5170.0,5170.0,0.0,0,ok
095,Sungai Raya Selatan - Malutu - Goa Berangin,Sungai Raya Selatan - Malutu - Goa Berangin,3900.0,3900.0,2450.0,2450.0,ok
096,Sp. 4 Baru/Tampang - Sp. Bilui Pamujaan,Sp. 4 Baru/Tampang - Sp. Bilui Pamujaan,2570.0,2570.0,1200.0,1200.0,ok
097,Asam Cangkuk - Telaga Bidadari,Asam Cangkuk - Telaga Bidadari,230.0,230.0,600.0,600.0,ok
098,Hamalau - Pahampangan,Hamalau - Pahampangan,780.0,780.0,0.0,0,ok
099,Ida Manggala - Padang Makmur,Ida Manggala - Padang Makmur,900.0,900.0,2790.0,2790.0,ok
100,Simpang Hamalau - Teluk Pinang,Simpang Hamalau - Teluk Pinang,480.0,480.0,200.0,200.0,ok
101,Teluk Pinang - Pahampangan Utara,Teluk Pinang - Pahampangan Utara,2220.0,2220.0,0.0,0,ok
102,Hamalau - Telaga Bidadari - Wasah Hilir,Hamalau - Telaga Bidadari - Wasah Hilir,2040.0,2040.0,2900.0,2900.0,ok
103,Karasikan - Sarang Halang,Karasikan - Sarang Halang,900.0,900.0,1000.0,1000.0,ok
104,Tanjungan - Sp. 3 Sakijang,Tanjungan - Sp. 3 Sakijang,100.0,100.0,1490.0,1490.0,ok
105,Sarang Halang Padang - Sp. Batang Kulur,Sarang Halang Padang - Sp. Batang Kulur,1610.0,1610.0,500.0,500.0,ok
106,Hamalau - Ganda,Hamalau - Ganda,500.0,500.0,670.0,670.0,ok
107,Tamiyang - Ds. Tamiyang (Eks TMMD),Tamiyang - Ds. Tamiyang (Eks TMMD),0.0,0,2040.0,2040.0,ok
108,Tanah Bangkang Menuju Balai Benih Ikan,Tanah Bangkang Menuju Balai Benih Ikan,200.0,200.0,460.0,460.0,ok
109,Karang Intan - Tanah Bangkang,Karang Intan - Tanah Bangkang,1110.0,1110.0,0.0,0,ok
110,Jl. Haritas (PT. Pertani),Jl. Haritas (PT. Pertani),640.0,640.0,0.0,0,ok
111,Paharuangan - Sei. Raya Selatan,Paharuangan - Sei. Raya Selatan,1400.0,1400.0,560.0,560.0,ok
112,Jl. Bangga TMMD,Jl. Bangga TMMD,0.0,0,790.0,790.0,ok
113,Batang Kulur Kiri - Durian Landung,Batang Kulur Kiri - Durian Landung,550.0,550.0,0.0,0,ok
114,Jl. Taminung,Jl. Taminung,2000.0,2000.0,20.0,20.0,ok
115,Matang Gadung - Halalang,Matang Gadung - Halalang,420.0,420.0,0.0,0,ok
116,Sungai Raya Utara - Teluk Pinang,Sungai Raya Utara - Teluk Pinang,1500.0,1500.0,200.0,200.0,ok
117,Jl. Mangunang - Ds. Sungai Raya Utara,Jl. Mangunang - Ds. Sungai Raya Utara,700.0,700.0,0.0,0,ok
118,Hamalau - Asam Cangkok,Hamalau - Asam Cangkok,1430.0,1430.0,0.0,0,ok
119,Hariti - Sungai Raya Selatan,Hariti - Sungai Raya Selatan,400.0,400.0,2260.0,2260.0,ok
120,Mangaris - Limau Manis,Mangaris - Limau Manis,0.0,0,4100.0,4100.0,ok
121,Jl. Munggu Raya - Ds. Hariti,Jl. Munggu Raya - Ds. Hariti,460.0,460.0,0.0,0,ok
122,Paharuangan - Asam Dua,Paharuangan - Asam Dua,200.0,200.0,710.0,710.0,ok
123,Asam Seranggan - Asam Tamiyang,Asam Seranggan - Asam Tamiyang,1020.0,1020.0,0.0,0,ok
124,Jl. Papancan - Ds. Tanah Bangkang,Jl. Papancan - Ds. Tanah Bangkang,1460.0,1460.0,0.0,0,ok
125,Jl. Baru - Asam Desa Baru,Jl. Baru - Asam Desa Baru,1120.0,1120.0,200.0,200.0,ok
126,Jl. Sungai Namang - Ds. Tanah Bangkang,Jl. Sungai Namang - Ds. Tanah Bangkang,0.0,0,730.0,730.0,ok
127,Jarau - Parandakan,Jarau - Parandakan,0.0,0,700.0,700.0,ok
128,Mungkur Galah - Lokpaikat,Mungkur Galah - Lokpaikat,200.0,200.0,510.0,510.0,ok
129,Batang Kulur Kanan - Bumi Berkat (Jl. Kisung),Batang Kulur Kanan - Bumi Berkat (Jl. Kisung),0.0,0,1610.0,1610.0,ok
130,Batang Kulur Kanan - Batang Kulur Kiri,Batang Kulur Kanan - Batang Kulur Kiri,0.0,0,820.0,820.0,ok
131,Jl. Manggis - Ds. Baru,Jl. Manggis - Ds. Baru,0.0,0,1280.0,1280.0,ok
132,Jl. TPA - Ds. Sungai Raya Selatan,Jl. TPA - Ds. Sungai Raya Selatan,850.0,850.0,0.0,0,ok
133,Jl. Pembangunan - Ds. Sungai Raya Utara,Jl. Pembangunan - Ds. Sungai Raya Utara,350.0,350.0,600.0,600.0,ok
134,Jl. Kalaka Dayuh - Ds. Sungai Raya Utara,Jl. Kalaka Dayuh - Ds. Sungai Raya Utara,0.0,0,430.0,430.0,ok
135,Teluk Pinang - Padang Rasau,Teluk Pinang - Padang Rasau,1200.0,1200.0,980.0,980.0,ok
136,Tanayung - Simp. Ambarai,Tanayung - Simp. Ambarai,1210.0,1210.0,400.0,400.0,ok
137,Tabihi - Telaga Langsat,Tabihi - Telaga Langsat,8350.0,8350.0,300.0,300.0,ok
138,Karang Jawa -Ambarai - Sungai Bungur,Karang Jawa -Ambarai - Sungai Bungur,1840.0,1840.0,2200.0,2200.0,ok
139,Ambarai - Madang,Ambarai - Madang,1740.0,1740.0,0.0,0,ok
140,Padang Batung - Batulaki - Malilingin,Padang Batung - Batulaki - Malilingin,2480.0,2480.0,6400.0,6400.0,ok
141,Malilingin - Lokbahan - Paniungan,Malilingin - Lokbahan - Paniungan,8300.0,8300.0,2360.0,2360.0,ok
142,Mawangi - Bukuanin - Telaga Langsat,Mawangi - Bukuanin - Telaga Langsat,8120.0,8120.0,6100.0,6100.0,ok
143,Mandapai - Madang,Mandapai - Madang,2920.0,2920.0,2900.0,2900.0,ok
144,Kaliring - Sp. Padang Batung,Kaliring - Sp. Padang Batung,2400.0,2400.0,2100.0,2100.0,ok
145,Pagar  Haur - Malutu,Pagar  Haur - Malutu,220.0,220.0,0.0,0,ok
146,Simpang Malutu - Pahampangan,Simpang Malutu - Pahampangan,0.0,0,4510.0,4510.0,ok
147,Simpang Malutu - Tambak,Simpang Malutu - Tambak,1800.0,1800.0,1070.0,1070.0,ok
148,Pagat Batu - Muara Hariang,Pagat Batu - Muara Hariang,2570.0,2570.0,700.0,700.0,ok
149,Paku (Jambu Hulu) - Ganda,Paku (Jambu Hulu) - Ganda,0.0,0,1880.0,1880.0,ok
150,Sp.3 Bukuanin - Riam Talo,Sp.3 Bukuanin - Riam Talo,1000.0,1000.0,2120.0,2120.0,ok
151,Sp.3 Bukuanin - Tayub,Sp.3 Bukuanin - Tayub,600.0,600.0,2790.0,2790.0,ok
152,Madang - Ambutun,Madang - Ambutun,2040.0,2040.0,900.0,900.0,ok
153,Jl. Monumen 17 Mei - Mandapai,Jl. Monumen 17 Mei - Mandapai,60.0,60.0,0.0,0,ok
154,Batu Laki - Muara Pipii,Batu Laki - Muara Pipii,900.0,900.0,3370.0,3370.0,ok
155,Muara Pipii - Tambak Pipii,Muara Pipii - Tambak Pipii,0.0,0,4650.0,4650.0,ok
156,Tambak Pipii - Malilingin,Tambak Pipii - Malilingin,980.0,980.0,3900.0,3900.0,ok
157,Malilingin - Muara Hariang,Malilingin - Muara Hariang,0.0,0,4570.0,4570.0,ok
158,Mawangi - Pariangan,Mawangi - Pariangan,1250.0,1250.0,1100.0,1100.0,ok
159,Jambu Hulu - Paku Pantai,Jambu Hulu - Paku Pantai,1500.0,1500.0,120.0,120.0,ok
160,Sungai Minting - Ds. Malutu,Sungai Minting - Ds. Malutu,470.0,470.0,0.0,0,ok
161,Padang Rasau (Tambak Tamiang) - Paku Pantai,Padang Rasau (Tambak Tamiang) - Paku Pantai,1930.0,1930.0,300.0,300.0,ok
162,Jl. Galuntang Tayub - Ds. Madang,Jl. Galuntang Tayub - Ds. Madang,2360.0,2360.0,0.0,0,ok
163,Jl. Menuju SMPN Malilingin,Jl. Menuju SMPN Malilingin,350.0,350.0,100.0,100.0,ok
164,Jl. Samping Mesjid Mandapai,Jl. Samping Mesjid Mandapai,140.0,140.0,100.0,100.0,ok
165,Muara Hariang - Bayumbung,Muara Hariang - Bayumbung,300.0,300.0,3700.0,3700.0,ok
166,Tambak Pipii - Batu Ampar,Tambak Pipii - Batu Ampar,0.0,0,1980.0,1980.0,ok
167,Bakarung - Rantauan,Bakarung - Rantauan,2130.0,2130.0,900.0,900.0,ok
168,Taniran Selatan - Rantauan,Taniran Selatan - Rantauan,1110.0,1110.0,0.0,0,ok
169,Bakarung -Tabihi - Karang Jawa,Bakarung -Tabihi - Karang Jawa,2570.0,2570.0,2000.0,2000.0,ok
170,Pandulangan - Kalinduku,Pandulangan - Kalinduku,70.0,70.0,1000.0,1000.0,ok
171,Taniran Selatan Kubah - Buntut Taniran / Wawaran,Taniran Selatan Kubah - Buntut Taniran / Wawaran,3040.0,3040.0,3700.0,3700.0,ok
172,Angkinang Selatan - Tawia - Wawaran,Angkinang Selatan - Tawia - Wawaran,4980.0,4980.0,900.0,900.0,ok
173,Tawia - Kayu Abang,Tawia - Kayu Abang,1490.0,1490.0,0.0,0,ok
174,Bamban Selatan - Tanggang - Panggang Hijau,Bamban Selatan - Tanggang - Panggang Hijau,1000.0,1000.0,2580.0,2580.0,ok
175,Angkinang - Telaga Langsat,Angkinang - Telaga Langsat,4380.0,4380.0,1200.0,1200.0,ok
176,Bamban Selatan - Pakuan,Bamban Selatan - Pakuan,1890.0,1890.0,200.0,200.0,ok
177,Bamban Utara - Longawang,Bamban Utara - Longawang,2010.0,2010.0,100.0,100.0,ok
178,Angkinang - Kayu Abang - Panggang Hijau,Angkinang - Kayu Abang - Panggang Hijau,2500.0,2500.0,4500.0,4500.0,ok
179,Sp. Mandampa Tel. Sili-Sili - Sp. Sei. Bungur,Sp. Mandampa Tel. Sili-Sili - Sp. Sei. Bungur,3000.0,3000.0,1900.0,1900.0,ok
180,Sungai Kudung - Kalinduku,Sungai Kudung - Kalinduku,1050.0,1050.0,1900.0,1900.0,ok
181,Bamban Tengah - Lok Nyiur,Bamban Tengah - Lok Nyiur,700.0,700.0,560.0,560.0,ok
182,Sp. Bakarung Selatan - Sungai Kudung,Sp. Bakarung Selatan - Sungai Kudung,300.0,300.0,250.0,250.0,ok
183,Panggang Hijau - Ds. Tawar,Panggang Hijau - Ds. Tawar,0.0,0,3670.0,3670.0,ok
184,Taniran Tengah - Taniran Selatan,Taniran Tengah - Taniran Selatan,2260.0,2260.0,0.0,0,ok
185,Jl. Kayu Abang - Ds. Anjiran,Jl. Kayu Abang - Ds. Anjiran,580.0,580.0,400.0,400.0,ok
186,Jl. Rel Angkinang - TMMD Angkinang,Jl. Rel Angkinang - TMMD Angkinang,200.0,200.0,3430.0,3430.0,ok
187,Jl. AMD - Ds. Lok Binuang,Jl. AMD - Ds. Lok Binuang,0.0,0,1570.0,1570.0,ok
188,Jl. Pandan Sari - Ds. Angkinang,Jl. Pandan Sari - Ds. Angkinang,340.0,340.0,100.0,100.0,ok
189,Bamban Selatan - Pakuan Balunan,Bamban Selatan - Pakuan Balunan,1710.0,1710.0,0.0,0,ok
190,Kayu Abang - Paya,Kayu Abang - Paya,400.0,400.0,300.0,300.0,ok
191,Bamban (Tibung) - Martajiwa,Bamban (Tibung) - Martajiwa,0.0,0,660.0,660.0,ok
192,Rantauan - Sungai Baru (Jl. Pulau),Rantauan - Sungai Baru (Jl. Pulau),1080.0,1080.0,100.0,100.0,ok
193,Telaga Langsat - Pakuan Timur,Telaga Langsat - Pakuan Timur,900.0,900.0,1920.0,1920.0,ok
194,Longawang - Gumbil,Longawang - Gumbil,1660.0,1660.0,0.0,0,ok
195,Mandampa - Longawang,Mandampa - Longawang,2600.0,2600.0,260.0,260.0,ok
196,Gumbil - Masimpan,Gumbil - Masimpan,3800.0,3800.0,1200.0,1200.0,ok
197,Hamak Timur - Umpaya,Hamak Timur - Umpaya,3190.0,3190.0,1000.0,1000.0,ok
198,Hamak - Umbai,Hamak - Umbai,100.0,100.0,870.0,870.0,ok
199,Hamak Utara - Samaragi,Hamak Utara - Samaragi,0.0,0,300.0,300.0,ok
200,Umpaya - Tumarin,Umpaya - Tumarin,560.0,560.0,0.0,0,ok
201,Jl. Sungai Durian - Ds. Gumbil,Jl. Sungai Durian - Ds. Gumbil,900.0,900.0,50.0,50.0,ok
202,Pantai Langsat - Umpaya,Pantai Langsat - Umpaya,4450.0,4450.0,0.0,0,ok
203,Halayung - Hantarukung,Halayung - Hantarukung,1910.0,1910.0,0.0,0,ok
204,Wasah Hulu - Amparaya - Simpur,Wasah Hulu - Amparaya - Simpur,1200.0,1200.0,5160.0,5160.0,ok
205,Wasah Hilir - Sarang Halang,Wasah Hilir - Sarang Halang,2530.0,2530.0,600.0,600.0,ok
206,Simpur - Simp. Bilui,Simpur - Simp. Bilui,830.0,830.0,200.0,200.0,ok
207,Simpur - Sp. 3 Muara Paring Agung,Simpur - Sp. 3 Muara Paring Agung,2530.0,2530.0,200.0,200.0,ok
208,Wasah Tengah - Sungai Tarap,Wasah Tengah - Sungai Tarap,3350.0,3350.0,0.0,0,ok
209,Wasah Hilir - Amparaya,Wasah Hilir - Amparaya,1100.0,1100.0,1830.0,1830.0,ok
210,Panjampang  Bahagia - Bayur,Panjampang  Bahagia - Bayur,1260.0,1260.0,300.0,300.0,ok
211,Ulin - Tanggul (Balai Mas),Ulin - Tanggul (Balai Mas),1700.0,1700.0,2210.0,2210.0,ok
212,Panjampang Bahagia - Hanau,Panjampang Bahagia - Hanau,2300.0,2300.0,2480.0,2480.0,ok
213,Jl. Halaban,Jl. Halaban,100.0,100.0,2020.0,2020.0,ok
214,Amparaya - Karangan - Hanau,Amparaya - Karangan - Hanau,4160.0,4160.0,200.0,200.0,ok
215,Jl. Kalimput Desa Wasah Hilir,Jl. Kalimput Desa Wasah Hilir,400.0,400.0,500.0,500.0,ok
216,Jl. Sungai Kacil I - Kapuh Padang,Jl. Sungai Kacil I - Kapuh Padang,1320.0,1320.0,0.0,0,ok
217,Jl. Sungai Kacil II,Jl. Sungai Kacil II,390.0,390.0,0.0,0,ok
218,Jl. Papagaran - Ds. Amawang Kanan,Jl. Papagaran - Ds. Amawang Kanan,540.0,540.0,0.0,0,ok
219,Balaimas - Hanau,Balaimas - Hanau,2330.0,2330.0,0.0,0,ok
220,Garunggang - Hantamangu,Garunggang - Hantamangu,800.0,800.0,360.0,360.0,ok
221,Jl. KH. Ramli - DS. Amparaya,Jl. KH. Ramli - DS. Amparaya,340.0,340.0,0.0,0,ok
222,Jl. Tungkaran - Ds. Ulin,Jl. Tungkaran - Ds. Ulin,640.0,640.0,600.0,600.0,ok
223,Jl. Mondar (Ulin-Pantai Ulin) - Ds. Ulin,Jl. Mondar (Ulin-Pantai Ulin) - Ds. Ulin,1860.0,1860.0,0.0,0,ok
224,Jl. Pendawa - Ds. Tebing Tinggi,Jl. Pendawa - Ds. Tebing Tinggi,700.0,700.0,120.0,120.0,ok
225,Jl. Mangamol - Ds. Pantai Ulin,Jl. Mangamol - Ds. Pantai Ulin,690.0,690.0,0.0,0,ok
226,Jl. Guru H. Izim - Ds. Pantai Ulin,Jl. Guru H. Izim - Ds. Pantai Ulin,0.0,0,620.0,620.0,ok
227,Jl. Rawati - Ds. Panjampang Bahagia,Jl. Rawati - Ds. Panjampang Bahagia,1210.0,1210.0,0.0,0,ok
228,Jl. Pianggu,Jl. Pianggu,820.0,820.0,0.0,0,ok
229,Jl. Buluh - Ds. Tebing Tinggi,Jl. Buluh - Ds. Tebing Tinggi,600.0,600.0,680.0,680.0,ok
230,Jl. H. Saim Garunggang - Kalimput,Jl. H. Saim Garunggang - Kalimput,710.0,710.0,0.0,0,ok
231,Jl. Padang Haur - Ds. Wasah Tengah,Jl. Padang Haur - Ds. Wasah Tengah,230.0,230.0,1000.0,1000.0,ok
232,Jl. Gerilya - Ds. Simpur,Jl. Gerilya - Ds. Simpur,520.0,520.0,0.0,0,ok
233,Jl. Jangkang - Ds. Wasah Hilir,Jl. Jangkang - Ds. Wasah Hilir,340.0,340.0,0.0,0,ok
234,Jl. Air Miris - Ds. Wasah Hilir,Jl. Air Miris - Ds. Wasah Hilir,1060.0,1060.0,0.0,0,ok
235,Jl. Tandik - Ds. Wasah Hilir,Jl. Tandik - Ds. Wasah Hilir,500.0,500.0,0.0,0,ok
236,Jl. Ds. Kapuh Tengah (Jl. Menuju Majelis Talim),Jl. Ds. Kapuh Tengah (Jl. Menuju Majelis Talim),600.0,600.0,0.0,0,ok
237,Jl. Karampaci - Ds. Kapuh,Jl. Karampaci - Ds. Kapuh,520.0,520.0,0.0,0,ok
238,Jl. At-Taubah - Ds. Kapuh,Jl. At-Taubah - Ds. Kapuh,470.0,470.0,0.0,0,ok
239,Jl. Firdaus - Ds. Kapuh,Jl. Firdaus - Ds. Kapuh,100.0,100.0,200.0,200.0,ok
240,Jl. Slasa Garih - Ds. Kapuh,Jl. Slasa Garih - Ds. Kapuh,500.0,500.0,0.0,0,ok
241,Jl. Palas - Ds. Wasah Tengah,Jl. Palas - Ds. Wasah Tengah,0.0,0,830.0,830.0,ok
242,Jl. Tanah Habang - Ds. Simpur,Jl. Tanah Habang - Ds. Simpur,0.0,0,1050.0,1050.0,ok
243,Jl. Banua Kambang - Ds. Wasah Tengah,Jl. Banua Kambang - Ds. Wasah Tengah,890.0,890.0,500.0,500.0,ok
244,Jl. Pajah Api - Ds. Kapuh,Jl. Pajah Api - Ds. Kapuh,340.0,340.0,0.0,0,ok
245,Jl. Talapak Manuk - Ds. Kapuh,Jl. Talapak Manuk - Ds. Kapuh,160.0,160.0,600.0,600.0,ok
246,Sirih - Taro,Sirih - Taro,1160.0,1160.0,100.0,100.0,ok
247,Kalumpang - Balimau,Kalumpang - Balimau,4910.0,4910.0,300.0,300.0,ok
248,Kalumpang (Ds. Balanti) - Teratai,Kalumpang (Ds. Balanti) - Teratai,0.0,0,5690.0,5690.0,ok
249,Bago Tanggul - Katilang - Teratai,Bago Tanggul - Katilang - Teratai,7300.0,7300.0,2410.0,2410.0,ok
250,Binjai (Sirih Hulu) - Ds. Seranggan,Binjai (Sirih Hulu) - Ds. Seranggan,2940.0,2940.0,1400.0,1400.0,ok
251,Balanti - (Ex. P3DT),Balanti - (Ex. P3DT),1660.0,1660.0,0.0,0,ok
252,Kalumpang - Baruh,Kalumpang - Baruh,2720.0,2720.0,0.0,0,ok
253,Sirih - Pacakan,Sirih - Pacakan,400.0,400.0,240.0,240.0,ok
254,SP.4 Mesjid Sirih - Sarang Nyamuk - Asam Tamiyang,SP.4 Mesjid Sirih - Sarang Nyamuk - Asam Tamiyang,3900.0,3900.0,2200.0,2200.0,ok
255,Kalumpang Selatan - Ds. Asam Tamiyang,Kalumpang Selatan - Ds. Asam Tamiyang,0.0,0,820.0,820.0,ok
256,Balimau - Murung Dalam,Balimau - Murung Dalam,0.0,0,1460.0,1460.0,ok
257,Jl. Karya Bakti - Ds. Balimau,Jl. Karya Bakti - Ds. Balimau,600.0,600.0,260.0,260.0,ok
258,Tanuhi - Ulang,Tanuhi - Ulang,5250.0,5250.0,2400.0,2400.0,ok
259,Loksado - Loklahung,Loksado - Loklahung,1080.0,1080.0,200.0,200.0,ok
260,Loksado - Haratai,Loksado - Haratai,570.0,570.0,6600.0,6600.0,ok
261,Loklahung - Kamawakan,Loklahung - Kamawakan,2520.0,2520.0,4300.0,4300.0,ok
262,Jl. Niagara (Ds. Halunuk) - Ayan,Jl. Niagara (Ds. Halunuk) - Ayan,560.0,560.0,1500.0,1500.0,ok
263,Malinau - Katingin - Kamawakan,Malinau - Katingin - Kamawakan,3300.0,3300.0,6160.0,6160.0,ok
264,Loklahung - Malaris,Loklahung - Malaris,210.0,210.0,600.0,600.0,ok
265,Jl. Bubuih - Ds. Halunuk,Jl. Bubuih - Ds. Halunuk,100.0,100.0,640.0,640.0,ok
266,Halunuk - Riam Tajam/Talo - Hamak Umpaya,Halunuk - Riam Tajam/Talo - Hamak Umpaya,4180.0,4180.0,3600.0,3600.0,ok
267,Jl. Muara Kitar - Desa Lumpangi,Jl. Muara Kitar - Desa Lumpangi,230.0,230.0,200.0,200.0,ok
268,Jl. Hulu Banyu - Pantai Langsat,Jl. Hulu Banyu - Pantai Langsat,1790.0,1790.0,0.0,0,ok
269,Jl. Bayampah - Tanuhi - Tugu Niih,Jl. Bayampah - Tanuhi - Tugu Niih,210.0,210.0,400.0,400.0,ok
270,Jl. Kantor Camat Loksado II,Jl. Kantor Camat Loksado II,120.0,120.0,0.0,0,ok
271,Jl. Buntu Muara Hatib - Bts. Kab. HST,Jl. Buntu Muara Hatib - Bts. Kab. HST,1060.0,1060.0,100.0,100.0,ok
272,Tanuhi - Hulu Banyu,Tanuhi - Hulu Banyu,200.0,200.0,460.0,460.0,ok
273,Hulu Banyu - Datar Mangkung - Tumingki,Hulu Banyu - Datar Mangkung - Tumingki,4700.0,4700.0,2300.0,2300.0,ok
274,Lambuk - Ds. Tumingki,Lambuk - Ds. Tumingki,0.0,0,670.0,670.0,ok
275,Malaris - Loapanggang,Malaris - Loapanggang,100.0,100.0,1480.0,1480.0,ok
276,Jl. Haratai 3 (Balai Kedayang) / SDN Haratai 3,Jl. Haratai 3 (Balai Kedayang) / SDN Haratai 3,2850.0,2850.0,2400.0,2400.0,ok
277,Jl. Haratai 2 (Balai Ujung Atas) SDN Haratai2,Jl. Haratai 2 (Balai Ujung Atas) SDN Haratai2,2100.0,2100.0,600.0,600.0,ok
278,Jl. Bubuih (Ds. Halunuk) - Kandihin,Jl. Bubuih (Ds. Halunuk) - Kandihin,0.0,0,2930.0,2930.0,ok
279,Jl. Makam Habib - Desa Lumpangi,Jl. Makam Habib - Desa Lumpangi,380.0,380.0,0.0,0,ok
280,Jl. Datar Belimbing - Muara Kitar,Jl. Datar Belimbing - Muara Kitar,2760.0,2760.0,2100.0,2100.0,ok
281,Jl. Tanginau - Balai Haruyan,Jl. Tanginau - Balai Haruyan,360.0,360.0,800.0,800.0,ok
282,Jl. Tataian - (Ds. Ulang) - Loksado,Jl. Tataian - (Ds. Ulang) - Loksado,300.0,300.0,100.0,100.0,ok
283,Jl. Ulang - Kacang Parang,Jl. Ulang - Kacang Parang,700.0,700.0,1050.0,1050.0,ok
284,Jl. Kacang Parang (Ulang) - Balai Mawak-Kias,Jl. Kacang Parang (Ulang) - Balai Mawak-Kias,1180.0,1180.0,900.0,900.0,ok
285,Jl. Kacang Parang (Ulang) - Balai Wariung,Jl. Kacang Parang (Ulang) - Balai Wariung,830.0,830.0,0.0,0,ok
286,Jl. Loksado - Pantai Dusin,Jl. Loksado - Pantai Dusin,2270.0,2270.0,0.0,0,ok
287,Jl. Malinau - Kandihin,Jl. Malinau - Kandihin,200.0,200.0,3960.0,3960.0,ok
288,Jl. Ulang - Bangkaun,Jl. Ulang - Bangkaun,1360.0,1360.0,2200.0,2200.0,ok
289,Bayanan - Habirau Tengah,Bayanan - Habirau Tengah,1500.0,1500.0,1360.0,1360.0,ok
290,Tumbukan Banyu - Banua Hanyar,Tumbukan Banyu - Banua Hanyar,5000.0,5000.0,0.0,0,ok
291,Jl. Satria,Jl. Satria,370.0,370.0,0.0,0,ok
292,Jl. Musyawarah,Jl. Musyawarah (Nagara),410.0,410.0,0.0,0,ok
293,Jl. Sekolah Islam,Jl. Sekolah Islam (Sungai Pinang / Sei Pinang),400.0,400.0,0.0,0,ok
294,Jl. Habib,Jl. Habib,320.0,320.0,0.0,0,ok
295,Jl. Mawar,Jl. Mawar (Daha Selatan),0.0,0,270.0,270.0,ok
296,Jl. Inst. PDAM Negara,Jl. Inst. PDAM Negara,160.0,160.0,100.0,100.0,ok
297,Jl. Gerilya / (Depan PUSTU Habirau),Jl. Gerilya / (Depan PUSTU Habirau),0.0,0,240.0,240.0,ok
298,Jl. Harapan (SDN Habirau II)/ Sei. Palangan,Jl. Harapan (SDN Habirau II)/ Sei. Palangan,0.0,0,210.0,210.0,ok
299,Samuda - Bajayau,Samuda - Bajayau,5700.0,5700.0,2800.0,2800.0,ok
300,Jl. Tambangan - Ds. Baruh Jaya,Jl. Tambangan - Ds. Baruh Jaya,0.0,0,2230.0,2230.0,ok
301,Muning Tengah - Batang Alai (Pihanin Raya),Muning Tengah - Batang Alai (Pihanin Raya),0.0,0,5260.0,5260.0,ok
302,Muning Tengah - Ds. Muning Dalam,Muning Tengah - Ds. Muning Dalam,0.0,0,17110.0,17110.0,ok
303,SP.4 Banjarbaru - Pasar Negara,SP.4 Banjarbaru - Pasar Negara,560.0,560.0,100.0,100.0,ok
304,Negara - Tumbukan Banyu,Negara - Tumbukan Banyu,430.0,430.0,100.0,100.0,ok
305,SP.4. Banjarbaru - Pihanin Raya,SP.4. Banjarbaru - Pihanin Raya,1040.0,1040.0,0.0,0,ok
306,Bayanan - Pihanin,Bayanan - Pihanin,1000.0,1000.0,1210.0,1210.0,ok
307,Jl. Kantor Camat Daha Selatan II,Jl. Kantor Camat Daha Selatan II,320.0,320.0,0.0,0,ok
308,Jl. Sungai Bugundi,Jl. Sungai Bugundi,0.0,0,310.0,310.0,ok
309,Jl. Tukang Garit (Tambangan),Jl. Tukang Garit (Tambangan),0.0,0,480.0,480.0,ok
310,Pandak Daun - Baruh Jaya - Samuda,Pandak Daun - Baruh Jaya - Samuda,5300.0,5300.0,2030.0,2030.0,ok
311,Sei. Mandala Murung Raya,Sei. Mandala Murung Raya,400.0,400.0,1700.0,1700.0,ok
312,Jl. Teluk Haur I,Jl. Teluk Haur I,0.0,0,180.0,180.0,ok
313,Jl. Teluk Haur II,Jl. Teluk Haur II,0.0,0,210.0,210.0,ok
314,Jl. H.M. Thaib,Jl. H.M. Thaib,150.0,150.0,200.0,200.0,ok
315,Jl. Kenanga - Ds. Baruh Kambang,Jl. Kenanga - Ds. Baruh Kambang,200.0,200.0,110.0,110.0,ok
316,Jl. SMAN Negara (KH. Abdullah),Jl. SMAN Negara (KH. Abdullah),340.0,340.0,0.0,0,ok
317,Jl. Pertukangan,Jl. Pertukangan,320.0,320.0,0.0,0,ok
318,Jl. Silaturrahim,Jl. Silaturrahim,280.0,280.0,0.0,0,ok
319,Jl. Habib Ibrahim - Ds. Sei Mandala,Jl. Habib Ibrahim - Ds. Sei Mandala,170.0,170.0,0.0,0,ok
320,Jl. Sukaramai - Keramat,Jl. Sukaramai - Keramat,730.0,730.0,0.0,0,ok
321,Jl. Pakan Dalam I,Jl. Pakan Dalam I,320.0,320.0,0.0,0,ok
322,Jl. Pakan Dalam II,Jl. Pakan Dalam II,290.0,290.0,0.0,0,ok
323,Jl. Pakan Dalam III,Jl. Pakan Dalam III,280.0,280.0,0.0,0,ok
324,Jl. Paramaian,Jl. Paramaian,0.0,0,300.0,300.0,ok
325,Jl. MIN Pandak Daun,Jl. MIN Pandak Daun,100.0,100.0,200.0,200.0,ok
326,Jl. Pesantren Muradiyah,Jl. Pesantren Muradiyah,270.0,270.0,0.0,0,ok
327,Pandak Daun (Buntut Muradiyah) - Pakan Dalam,Pandak Daun (Buntut Muradiyah) - Pakan Dalam,0.0,0,1650.0,1650.0,ok
328,Pakan Dalam - Kaminting Batu,Pakan Dalam - Kaminting Batu,1000.0,1000.0,820.0,820.0,ok
329,Jl. Samping Kantor Camat Daha Utara,Jl. Samping Kantor Camat Daha Utara,150.0,150.0,0.0,0,ok
330,Jl. Gang Bidan (Ds. Tambak Bitin),Jl. Gang Bidan (Ds. Tambak Bitin),570.0,570.0,0.0,0,ok
331,Jl. Cangkingan Herman,Jl. Cangkingan Herman,200.0,200.0,120.0,120.0,ok
332,Jl. Kampung Kawat,Jl. Kampung Kawat,0.0,0,330.0,330.0,ok
333,Jl. Kaminting Batu,Jl. Kaminting Batu,0.0,0,350.0,350.0,ok
334,Jl. Hamayung - Hakurung Dalam,Jl. Hamayung - Hakurung Dalam,100.0,100.0,4000.0,4000.0,ok
335,Simpang Jadi Makmur - Ds. Samuda,Simpang Jadi Makmur - Ds. Samuda,660.0,660.0,0.0,0,ok
336,Jl. Sakincung - Ds. Hakurung Dalam,Jl. Sakincung - Ds. Hakurung Dalam,340.0,340.0,1000.0,1000.0,ok
337,Jl. Hakurung Dalam - Ds. Sungai Haji,Jl. Hakurung Dalam - Ds. Sungai Haji,270.0,270.0,300.0,300.0,ok
338,Jl. Siang Gantung - Ds. Baru,Jl. Siang Gantung - Ds. Baru,1930.0,1930.0,5000.0,5000.0,ok
339,Jl. Baru - Ds. Bajayau,Jl. Baru - Ds. Bajayau,0.0,0,2330.0,2330.0,ok
340,Jl. Bajayau - Ds. Bajayau Tengah,Jl. Bajayau - Ds. Bajayau Tengah,2500.0,2500.0,5080.0,5080.0,ok
341,Jl. Banua Hanyar - Ds. Tanjung Selor,Jl. Banua Hanyar - Ds. Tanjung Selor,0.0,0,5610.0,5610.0,ok
342,Jl. Tanjung Selor - Ds. Badaun,Jl. Tanjung Selor - Ds. Badaun,0.0,0,8030.0,8030.0,ok
343,Jl. Badaun - Ds. Bjayau Lama,Jl. Badaun - Ds. Bjayau Lama,0.0,0,3100.0,3100.0,ok
344,Jl. Goha - Ds. Amawang Kanan,Jl. Goha - Ds. Amawang Kanan,700.0,700.0,0.0,0,ok
345,Jl. Al - Ikhlas - Ds. Baluti,Jl. Al - Ikhlas - Ds. Baluti,380.0,380.0,0.0,0,ok
346,Jl. Angkakai - Ds. Amawang Kiri,Jl. Angkakai - Ds. Amawang Kiri,400.0,400.0,0.0,0,ok
347,Jl. Anjiran Rantauan - Ds. Taniran Tengah,Jl. Anjiran Rantauan - Ds. Taniran Tengah,0.0,0,1210.0,1210.0,ok
348,Jl. Asam Duhat - Ds. Pantai Ulin,Jl. Asam Duhat - Ds. Pantai Ulin,0.0,0,1110.0,1110.0,ok
349,Jl. Pertanian - Ds. Wasah Tengah,Jl. Pertanian - Ds. Wasah Tengah,360.0,360.0,0.0,0,ok
350,Jl. Keramat Sakti - Ds. Tebing Tinggi,Jl. Keramat Sakti - Ds. Tebing Tinggi,600.0,600.0,90.0,90.0,ok
,TOTAL,,392890.0,,339570.0,,missing_in_master_aggregate
